teamID,franchID,team_name,games_played,home_games_played,yearID,season_rank,wins,losses,home_park,attendance,home_runs,runs_scored,division_winner,wild_card_winner,league_winner,world_series_winner,att_per_game
ATL,ATL,Atlanta Braves,162,81,1990,6,65,97,Atlanta-Fulton County Stadium,980129,162,682,N,0,N,N,12100.35802469136
BAL,BAL,Baltimore Orioles,161,80,1990,5,76,85,Memorial Stadium,2415189,132,669,N,0,N,N,30189.8625
BOS,BOS,Boston Red Sox,162,81,1990,1,88,74,Fenway Park II,2528986,106,699,Y,0,N,N,31222.04938271605
CAL,ANA,California Angels,162,81,1990,4,80,82,Anaheim Stadium,2555688,147,690,N,0,N,N,31551.703703703704
CHA,CHW,Chicago White Sox,162,80,1990,2,94,68,Comiskey Park,2002357,106,682,N,0,N,N,25029.4625
CHN,CHC,Chicago Cubs,162,81,1990,4,77,85,Wrigley Field,2243791,136,690,N,0,N,N,27701.123456790123
CIN,CIN,Cincinnati Reds,162,81,1990,1,91,71,Riverfront Stadium,2400892,125,693,Y,0,Y,Y,29640.64197530864
CLE,CLE,Cleveland Indians,162,81,1990,4,77,85,Cleveland Stadium,1225240,110,732,N,0,N,N,15126.41975308642
DET,DET,Detroit Tigers,162,81,1990,3,79,83,Tiger Stadium,1495785,172,750,N,0,N,N,18466.48148148148
HOU,HOU,Houston Astros,162,81,1990,4,75,87,Astrodome,1310927,94,573,N,0,N,N,16184.283950617284
KCA,KCR,Kansas City Royals,161,81,1990,6,75,86,Royals Stadium,2244956,100,707,N,0,N,N,27715.506172839505
LAN,LAD,Los Angeles Dodgers,162,81,1990,2,86,76,Dodger Stadium,3002396,129,728,N,0,N,N,37066.61728395062
MIN,MIN,Minnesota Twins,162,81,1990,7,74,88,Hubert H Humphrey Metrodome,1751584,100,666,N,0,N,N,21624.49382716049
ML4,MIL,Milwaukee Brewers,162,81,1990,6,74,88,County Stadium,1752900,128,732,N,0,N,N,21640.74074074074
MON,WSN,Montreal Expos,162,81,1990,3,85,77,Stade Olympique,1373087,114,662,N,0,N,N,16951.69135802469
NYA,NYY,New York Yankees,162,81,1990,7,67,95,Yankee Stadium II,2006436,147,603,N,0,N,N,24770.81481481481
NYN,NYM,New York Mets,162,81,1990,2,91,71,Shea Stadium,2732745,172,775,N,0,N,N,33737.59259259259
OAK,OAK,Oakland Athletics,162,81,1990,1,103,59,Oakland Coliseum,2900217,164,733,Y,0,Y,N,35805.148148148146
PHI,PHI,Philadelphia Phillies,162,81,1990,4,77,85,Veterans Stadium,1992484,103,646,N,0,N,N,24598.567901234568
PIT,PIT,Pittsburgh Pirates,162,81,1990,1,95,67,Three Rivers Stadium,2049908,138,733,Y,0,N,N,25307.506172839505
SDN,SDP,San Diego Padres,162,81,1990,4,75,87,Jack Murphy Stadium,1856396,123,673,N,0,N,N,22918.46913580247
SEA,SEA,Seattle Mariners,162,81,1990,5,77,85,Kingdome,1509727,107,640,N,0,N,N,18638.604938271605
SFN,SFG,San Francisco Giants,162,81,1990,3,85,77,Candlestick Park,1975528,152,719,N,0,N,N,24389.23456790124
SLN,STL,St. Louis Cardinals,162,81,1990,6,70,92,Busch Stadium II,2573225,73,599,N,0,N,N,31768.20987654321
TEX,TEX,Texas Rangers,162,82,1990,3,83,79,Arlington Stadium,2057911,110,676,N,0,N,N,25096.475609756097
TOR,TOR,Toronto Blue Jays,162,81,1990,2,86,76,Skydome,3885284,167,767,N,0,N,N,47966.46913580247
ATL,ATL,Atlanta Braves,162,81,1991,1,94,68,Atlanta-Fulton County Stadium,2140217,141,749,Y,0,Y,N,26422.432098765432
BAL,BAL,Baltimore Orioles,162,81,1991,6,67,95,Memorial Stadium,2552753,170,686,N,0,N,N,31515.46913580247
BOS,BOS,Boston Red Sox,162,81,1991,2,84,78,Fenway Park II,2562435,126,731,N,0,N,N,31635.0
CAL,ANA,California Angels,162,81,1991,7,81,81,Anaheim Stadium,2416236,115,653,N,0,N,N,29830.074074074077
CHA,CHW,Chicago White Sox,162,81,1991,2,87,75,Comiskey Park II,2934154,139,758,N,0,N,N,36224.12345679013
CHN,CHC,Chicago Cubs,160,83,1991,4,77,83,Wrigley Field,2314250,159,695,N,0,N,N,27882.53012048193
CIN,CIN,Cincinnati Reds,162,81,1991,5,74,88,Riverfront Stadium,2372377,164,689,N,0,N,N,29288.604938271605
CLE,CLE,Cleveland Indians,162,82,1991,7,57,105,Cleveland Stadium,1051863,79,576,N,0,N,N,12827.59756097561
DET,DET,Detroit Tigers,162,81,1991,2,84,78,Tiger Stadium,1641661,209,817,N,0,N,N,20267.41975308642
HOU,HOU,Houston Astros,162,81,1991,6,65,97,Astrodome,1196152,79,605,N,0,N,N,14767.308641975307
KCA,KCR,Kansas City Royals,162,81,1991,6,82,80,Royals Stadium,2161537,117,727,N,0,N,N,26685.64197530864
LAN,LAD,Los Angeles Dodgers,162,81,1991,2,93,69,Dodger Stadium,3348170,108,665,N,0,N,N,41335.43209876544
MIN,MIN,Minnesota Twins,162,81,1991,1,95,67,Hubert H Humphrey Metrodome,2293842,140,776,Y,0,Y,Y,28319.03703703704
ML4,MIL,Milwaukee Brewers,162,80,1991,4,83,79,County Stadium,1478729,116,799,N,0,N,N,18484.1125
MON,WSN,Montreal Expos,161,68,1991,6,71,90,Stade Olympique,934742,95,579,N,0,N,N,13746.20588235294
NYA,NYY,New York Yankees,162,81,1991,5,71,91,Yankee Stadium II,1863733,147,674,N,0,N,N,23009.04938271605
NYN,NYM,New York Mets,161,82,1991,5,77,84,Shea Stadium,2284484,117,640,N,0,N,N,27859.560975609755
OAK,OAK,Oakland Athletics,162,81,1991,4,84,78,Oakland Coliseum,2713493,159,760,N,0,N,N,33499.91358024691
PHI,PHI,Philadelphia Phillies,162,83,1991,3,78,84,Veterans Stadium,2050012,111,629,N,0,N,N,24698.939759036144
PIT,PIT,Pittsburgh Pirates,162,84,1991,1,98,64,Three Rivers Stadium,2065302,126,768,Y,0,N,N,24586.92857142857
SDN,SDP,San Diego Padres,162,81,1991,3,84,78,Jack Murphy Stadium,1804289,121,636,N,0,N,N,22275.172839506173
SEA,SEA,Seattle Mariners,162,81,1991,5,83,79,Kingdome,2147905,126,702,N,0,N,N,26517.345679012345
SFN,SFG,San Francisco Giants,162,81,1991,4,75,87,Candlestick Park,1737478,141,649,N,0,N,N,21450.345679012345
SLN,STL,St. Louis Cardinals,162,84,1991,2,84,78,Busch Stadium II,2448699,68,651,N,0,N,N,29151.17857142857
TEX,TEX,Texas Rangers,162,81,1991,3,85,77,Arlington Stadium,2297720,177,829,N,0,N,N,28366.913580246917
TOR,TOR,Toronto Blue Jays,162,81,1991,1,91,71,Skydome,4001527,133,684,Y,0,N,N,49401.56790123456
ATL,ATL,Atlanta Braves,162,81,1992,1,98,64,Atlanta-Fulton County Stadium,3077400,138,682,Y,0,Y,N,37992.59259259259
BAL,BAL,Baltimore Orioles,162,81,1992,3,89,73,Oriole Park at Camden Yards,3567819,148,705,N,0,N,N,44047.14814814815
BOS,BOS,Boston Red Sox,162,81,1992,7,73,89,Fenway Park II,2468574,84,599,N,0,N,N,30476.222222222223
CAL,ANA,California Angels,162,81,1992,5,72,90,Anaheim Stadium,2065444,88,579,N,0,N,N,25499.30864197531
CHA,CHW,Chicago White Sox,162,82,1992,3,86,76,Comiskey Park II,2681156,110,738,N,0,N,N,32697.024390243903
CHN,CHC,Chicago Cubs,162,81,1992,4,78,84,Wrigley Field,2126720,104,593,N,0,N,N,26255.802469135804
CIN,CIN,Cincinnati Reds,162,81,1992,2,90,72,Riverfront Stadium,2315946,99,660,N,0,N,N,28591.925925925927
CLE,CLE,Cleveland Indians,162,81,1992,4,76,86,Cleveland Stadium,1224094,127,674,N,0,N,N,15112.271604938273
DET,DET,Detroit Tigers,162,80,1992,6,75,87,Tiger Stadium,1423963,182,791,N,0,N,N,17799.5375
HOU,HOU,Houston Astros,162,81,1992,4,81,81,Astrodome,1211412,96,608,N,0,N,N,14955.703703703704
KCA,KCR,Kansas City Royals,162,81,1992,5,72,90,Royals Stadium,1867689,75,610,N,0,N,N,23057.88888888889
LAN,LAD,Los Angeles Dodgers,162,81,1992,6,63,99,Dodger Stadium,2473266,72,548,N,0,N,N,30534.14814814815
MIN,MIN,Minnesota Twins,162,81,1992,2,90,72,Hubert H Humphrey Metrodome,2482428,104,747,N,0,N,N,30647.25925925926
ML4,MIL,Milwaukee Brewers,162,81,1992,2,92,70,County Stadium,1857351,82,740,N,0,N,N,22930.25925925926
MON,WSN,Montreal Expos,162,81,1992,2,87,75,Stade Olympique,1669127,102,648,N,0,N,N,20606.506172839505
NYA,NYY,New York Yankees,162,81,1992,4,76,86,Yankee Stadium II,1748737,163,733,N,0,N,N,21589.345679012345
NYN,NYM,New York Mets,162,81,1992,5,72,90,Shea Stadium,1779534,93,599,N,0,N,N,21969.555555555555
OAK,OAK,Oakland Athletics,162,81,1992,1,96,66,Oakland Coliseum,2494160,142,745,Y,0,N,N,30792.0987654321
PHI,PHI,Philadelphia Phillies,162,81,1992,6,70,92,Veterans Stadium,1927448,118,686,N,0,N,N,23795.65432098765
PIT,PIT,Pittsburgh Pirates,162,81,1992,1,96,66,Three Rivers Stadium,1829395,106,693,Y,0,N,N,22585.123456790123
SDN,SDP,San Diego Padres,162,81,1992,3,82,80,Jack Murphy Stadium,1721406,135,617,N,0,N,N,21251.925925925927
SEA,SEA,Seattle Mariners,162,81,1992,7,64,98,Kingdome,1651367,149,679,N,0,N,N,20387.24691358025
SFN,SFG,San Francisco Giants,162,81,1992,5,72,90,Candlestick Park,1560998,105,574,N,0,N,N,19271.58024691358
SLN,STL,St. Louis Cardinals,162,81,1992,3,83,79,Busch Stadium II,2418483,94,631,N,0,N,N,29857.81481481481
TEX,TEX,Texas Rangers,162,81,1992,4,77,85,Arlington Stadium,2198231,159,682,N,0,N,N,27138.65432098765
TOR,TOR,Toronto Blue Jays,162,81,1992,1,96,66,Skydome,4028318,163,780,Y,0,Y,Y,49732.32098765432
ATL,ATL,Atlanta Braves,162,81,1993,1,104,58,Atlanta-Fulton County Stadium,3884720,169,767,Y,0,N,N,47959.50617283951
BAL,BAL,Baltimore Orioles,162,81,1993,3,85,77,Oriole Park at Camden Yards,3644965,157,786,N,0,N,N,44999.56790123456
BOS,BOS,Boston Red Sox,162,81,1993,5,80,82,Fenway Park II,2422021,114,686,N,0,N,N,29901.49382716049
CAL,ANA,California Angels,162,81,1993,5,71,91,Anaheim Stadium,2057460,114,684,N,0,N,N,25400.74074074074
CHA,CHW,Chicago White Sox,162,81,1993,1,94,68,Comiskey Park II,2581091,162,776,Y,0,N,N,31865.32098765432
CHN,CHC,Chicago Cubs,163,82,1993,4,84,78,Wrigley Field,2653763,161,738,N,0,N,N,32362.963414634145
CIN,CIN,Cincinnati Reds,162,81,1993,5,73,89,Riverfront Stadium,2453232,137,722,N,0,N,N,30286.81481481481
CLE,CLE,Cleveland Indians,162,81,1993,6,76,86,Cleveland Stadium,2177908,141,790,N,0,N,N,26887.753086419754
COL,COL,Colorado Rockies,162,81,1993,6,67,95,Mile High Stadium,4483350,142,758,N,0,N,N,55350.0
DET,DET,Detroit Tigers,162,81,1993,3,85,77,Tiger Stadium,1971421,178,899,N,0,N,N,24338.53086419753
FLO,FLA,Florida Marlins,162,81,1993,6,64,98,Joe Robbie Stadium,3064847,94,581,N,0,N,N,37837.61728395062
HOU,HOU,Houston Astros,162,81,1993,3,85,77,Astrodome,2084618,138,716,N,0,N,N,25736.024691358023
KCA,KCR,Kansas City Royals,162,81,1993,3,84,78,Kauffman Stadium,1934578,125,675,N,0,N,N,23883.67901234568
LAN,LAD,Los Angeles Dodgers,162,81,1993,4,81,81,Dodger Stadium,3170393,130,675,N,0,N,N,39140.654320987655
MIN,MIN,Minnesota Twins,162,81,1993,5,71,91,Hubert H Humphrey Metrodome,2048673,121,693,N,0,N,N,25292.25925925926
ML4,MIL,Milwaukee Brewers,162,81,1993,7,69,93,County Stadium,1688080,125,733,N,0,N,N,20840.49382716049
MON,WSN,Montreal Expos,163,81,1993,2,94,68,Stade Olympique,1641437,122,732,N,0,N,N,20264.65432098765
NYA,NYY,New York Yankees,162,81,1993,2,88,74,Yankee Stadium II,2416942,178,821,N,0,N,N,29838.79012345679
NYN,NYM,New York Mets,162,81,1993,7,59,103,Shea Stadium,1873183,158,672,N,0,N,N,23125.71604938272
OAK,OAK,Oakland Athletics,162,81,1993,7,68,94,Oakland Coliseum,2035025,158,715,N,0,N,N,25123.765432098764
PHI,PHI,Philadelphia Phillies,162,81,1993,1,97,65,Veterans Stadium,3137674,156,877,Y,0,Y,N,38736.71604938272
PIT,PIT,Pittsburgh Pirates,162,81,1993,5,75,87,Three Rivers Stadium,1650593,110,707,N,0,N,N,20377.69135802469
SDN,SDP,San Diego Padres,162,81,1993,7,61,101,Jack Murphy Stadium,1375432,153,679,N,0,N,N,16980.64197530864
SEA,SEA,Seattle Mariners,162,81,1993,4,82,80,Kingdome,2052638,161,734,N,0,N,N,25341.20987654321
SFN,SFG,San Francisco Giants,162,81,1993,2,103,59,Candlestick Park,2606354,168,808,N,0,N,N,32177.20987654321
SLN,STL,St. Louis Cardinals,162,81,1993,3,87,75,Busch Stadium II,2844977,118,758,N,0,N,N,35123.17283950617
TEX,TEX,Texas Rangers,162,81,1993,2,86,76,Arlington Stadium,2244616,181,835,N,0,N,N,27711.30864197531
TOR,TOR,Toronto Blue Jays,162,81,1993,1,95,67,Skydome,4057947,159,847,Y,0,Y,Y,50098.11111111111
ATL,ATL,Atlanta Braves,114,55,1994,2,68,46,Atlanta-Fulton County Stadium,2539240,137,542,0,0,0,0,46168.0
BAL,BAL,Baltimore Orioles,112,55,1994,2,63,49,Oriole Park at Camden Yards,2535359,139,589,0,0,0,0,46097.43636363636
BOS,BOS,Boston Red Sox,115,64,1994,4,54,61,Fenway Park II,1775818,120,552,0,0,0,0,27747.15625
CAL,ANA,California Angels,115,63,1994,4,47,68,Anaheim Stadium,1512622,120,543,0,0,0,0,24009.87301587301
CHA,CHW,Chicago White Sox,113,53,1994,1,67,46,Comiskey Park II,1697398,121,633,0,0,0,0,32026.377358490565
CHN,CHC,Chicago Cubs,113,59,1994,5,49,64,Wrigley Field,1845208,109,500,0,0,0,0,31274.71186440678
CIN,CIN,Cincinnati Reds,115,60,1994,1,66,48,Riverfront Stadium,1897681,124,609,0,0,0,0,31628.016666666663
CLE,CLE,Cleveland Indians,113,51,1994,2,66,47,Jacobs Field,1995174,167,679,0,0,0,0,39121.05882352941
COL,COL,Colorado Rockies,117,57,1994,3,53,64,Mile High Stadium,3281511,125,573,0,0,0,0,57570.36842105263
DET,DET,Detroit Tigers,115,58,1994,5,53,62,Tiger Stadium,1184783,161,652,0,0,0,0,20427.293103448275
FLO,FLA,Florida Marlins,115,59,1994,5,51,64,Joe Robbie Stadium,1937467,94,468,0,0,0,0,32838.42372881356
HOU,HOU,Houston Astros,115,59,1994,2,66,49,Astrodome,1561136,120,602,0,0,0,0,26459.93220338983
KCA,KCR,Kansas City Royals,115,59,1994,3,64,51,Kauffman Stadium,1400494,100,574,0,0,0,0,23737.186440677968
LAN,LAD,Los Angeles Dodgers,114,55,1994,1,58,56,Dodger Stadium,2279355,115,532,0,0,0,0,41442.81818181818
MIN,MIN,Minnesota Twins,113,59,1994,4,53,60,Hubert H Humphrey Metrodome,1398565,103,594,0,0,0,0,23704.491525423728
ML4,MIL,Milwaukee Brewers,115,56,1994,5,53,62,County Stadium,1268399,99,547,0,0,0,0,22649.98214285714
MON,WSN,Montreal Expos,114,52,1994,1,74,40,Stade Olympique,1276250,108,585,0,0,0,0,24543.26923076923
NYA,NYY,New York Yankees,113,57,1994,1,70,43,Yankee Stadium II,1675556,139,670,0,0,0,0,29395.71929824561
NYN,NYM,New York Mets,113,53,1994,3,55,58,Shea Stadium,1151471,117,506,0,0,0,0,21725.867924528306
OAK,OAK,Oakland Athletics,114,56,1994,2,51,63,Oakland Coliseum,1242692,113,549,0,0,0,0,22190.92857142857
PHI,PHI,Philadelphia Phillies,115,60,1994,4,54,61,Veterans Stadium,2290971,80,521,0,0,0,0,38182.85
PIT,PIT,Pittsburgh Pirates,114,61,1994,3,53,61,Three Rivers Stadium,1222520,80,466,0,0,0,0,20041.311475409835
SDN,SDP,San Diego Padres,117,57,1994,4,47,70,Jack Murphy Stadium,953857,92,479,0,0,0,0,16734.333333333332
SEA,SEA,Seattle Mariners,112,44,1994,3,49,63,Kingdome,1104206,153,569,0,0,0,0,25095.590909090908
SFN,SFG,San Francisco Giants,115,60,1994,2,55,60,Candlestick Park,1704608,123,504,0,0,0,0,28410.13333333333
SLN,STL,St. Louis Cardinals,115,56,1994,3,53,61,Busch Stadium II,1866544,108,535,0,0,0,0,33331.142857142855
TEX,TEX,Texas Rangers,114,63,1994,1,52,62,The Ballpark at Arlington,2503198,124,613,0,0,0,0,39733.30158730159
TOR,TOR,Toronto Blue Jays,115,59,1994,3,55,60,Skydome,2907933,115,566,0,0,0,0,49287.0
ATL,ATL,Atlanta Braves,144,72,1995,1,90,54,Atlanta-Fulton County Stadium,2561831,168,645,Y,N,Y,Y,35580.98611111111
BAL,BAL,Baltimore Orioles,144,72,1995,3,71,73,Oriole Park at Camden Yards,3098475,173,704,N,N,N,N,43034.375
BOS,BOS,Boston Red Sox,144,72,1995,1,86,58,Fenway Park II,2164410,175,791,Y,N,N,N,30061.25
CAL,ANA,California Angels,145,72,1995,2,78,67,Anaheim Stadium,1748680,186,801,N,N,N,N,24287.222222222223
CHA,CHW,Chicago White Sox,145,72,1995,3,68,76,Comiskey Park II,1609773,146,755,N,N,N,N,22357.95833333333
CHN,CHC,Chicago Cubs,144,72,1995,3,73,71,Wrigley Field,1918265,158,693,N,N,N,N,26642.569444444445
CIN,CIN,Cincinnati Reds,144,72,1995,1,85,59,Riverfront Stadium,1837649,161,747,Y,N,N,N,25522.902777777777
CLE,CLE,Cleveland Indians,144,72,1995,1,100,44,Jacobs Field,2842745,207,840,Y,N,Y,N,39482.569444444445
COL,COL,Colorado Rockies,144,72,1995,2,77,67,Coors Field,3390037,200,785,N,Y,N,N,47083.84722222222
DET,DET,Detroit Tigers,144,72,1995,4,60,84,Tiger Stadium,1180979,159,654,N,N,N,N,16402.48611111111
FLO,FLA,Florida Marlins,143,71,1995,4,67,76,Joe Robbie Stadium,1700466,144,673,N,N,N,N,23950.22535211268
HOU,HOU,Houston Astros,144,72,1995,2,76,68,Astrodome,1363801,109,747,N,N,N,N,18941.680555555555
KCA,KCR,Kansas City Royals,144,72,1995,2,70,74,Kauffman Stadium,1233530,119,629,N,N,N,N,17132.36111111111
LAN,LAD,Los Angeles Dodgers,144,72,1995,1,78,66,Dodger Stadium,2766251,140,634,Y,N,N,N,38420.15277777778
MIN,MIN,Minnesota Twins,144,72,1995,5,56,88,Hubert H Humphrey Metrodome,1057667,120,703,N,N,N,N,14689.819444444443
ML4,MIL,Milwaukee Brewers,144,72,1995,4,65,79,County Stadium,1087560,128,740,N,N,N,N,15105.0
MON,WSN,Montreal Expos,144,72,1995,5,66,78,Stade Olympique,1309618,118,621,N,N,N,N,18189.13888888889
NYA,NYY,New York Yankees,145,73,1995,2,79,65,Yankee Stadium II,1705263,122,749,N,Y,N,N,23359.76712328767
NYN,NYM,New York Mets,144,72,1995,2,69,75,Shea Stadium,1273183,125,657,N,N,N,N,17683.097222222223
OAK,OAK,Oakland Athletics,144,72,1995,4,67,77,Oakland Coliseum,1174310,169,730,N,N,N,N,16309.861111111111
PHI,PHI,Philadelphia Phillies,144,72,1995,2,69,75,Veterans Stadium,2043598,94,615,N,N,N,N,28383.305555555555
PIT,PIT,Pittsburgh Pirates,144,72,1995,5,58,86,Three Rivers Stadium,905517,125,629,N,N,N,N,12576.625
SDN,SDP,San Diego Padres,144,72,1995,3,70,74,Jack Murphy Stadium,1041805,116,668,N,N,N,N,14469.513888888889
SEA,SEA,Seattle Mariners,145,73,1995,1,79,66,Kingdome,1643203,182,796,Y,N,N,N,22509.630136986303
SFN,SFG,San Francisco Giants,144,72,1995,4,67,77,Candlestick Park,1241500,152,652,N,N,N,N,17243.055555555555
SLN,STL,St. Louis Cardinals,143,72,1995,4,62,81,Busch Stadium II,1756727,107,563,N,N,N,N,24398.98611111111
TEX,TEX,Texas Rangers,144,72,1995,3,74,70,The Ballpark at Arlington,1985910,138,691,N,N,N,N,27582.08333333333
TOR,TOR,Toronto Blue Jays,144,72,1995,5,56,88,Skydome,2826483,140,642,N,N,N,N,39256.708333333336
ATL,ATL,Atlanta Braves,162,81,1996,1,96,66,Atlanta-Fulton County Stadium,2901242,197,773,Y,N,Y,N,35817.8024691358
BAL,BAL,Baltimore Orioles,163,82,1996,2,88,74,Oriole Park at Camden Yards,3646950,257,949,N,Y,N,N,44475.0
BOS,BOS,Boston Red Sox,162,81,1996,3,85,77,Fenway Park II,2315231,209,928,N,N,N,N,28583.0987654321
CAL,ANA,California Angels,161,81,1996,4,70,91,Anaheim Stadium,1820521,192,762,N,N,N,N,22475.567901234568
CHA,CHW,Chicago White Sox,162,81,1996,2,85,77,Comiskey Park II,1676403,195,898,N,N,N,N,20696.33333333333
CHN,CHC,Chicago Cubs,162,81,1996,4,76,86,Wrigley Field,2219110,175,772,N,N,N,N,27396.41975308642
CIN,CIN,Cincinnati Reds,162,81,1996,3,81,81,Riverfront Stadium,1861428,191,778,N,N,N,N,22980.59259259259
CLE,CLE,Cleveland Indians,161,80,1996,1,99,62,Jacobs Field,3318174,218,952,Y,N,N,N,41477.175
COL,COL,Colorado Rockies,162,81,1996,3,83,79,Coors Field,3891014,221,961,N,N,N,N,48037.20987654321
DET,DET,Detroit Tigers,162,81,1996,5,53,109,Tiger Stadium,1168610,204,783,N,N,N,N,14427.283950617284
FLO,FLA,Florida Marlins,162,81,1996,3,80,82,Joe Robbie Stadium,1746767,150,688,N,N,N,N,21565.024691358023
HOU,HOU,Houston Astros,162,81,1996,2,82,80,Astrodome,1975888,129,753,N,N,N,N,24393.67901234568
KCA,KCR,Kansas City Royals,161,80,1996,5,75,86,Kauffman Stadium,1435997,123,746,N,N,N,N,17949.9625
LAN,LAD,Los Angeles Dodgers,162,81,1996,2,90,72,Dodger Stadium,3188454,150,703,N,Y,N,N,39363.62962962963
MIN,MIN,Minnesota Twins,162,82,1996,4,78,84,Hubert H Humphrey Metrodome,1437352,118,877,N,N,N,N,17528.682926829268
ML4,MIL,Milwaukee Brewers,162,81,1996,3,80,82,County Stadium,1327155,178,894,N,N,N,N,16384.62962962963
MON,WSN,Montreal Expos,162,81,1996,2,88,74,Stade Olympique,1616709,148,741,N,N,N,N,19959.37037037037
NYA,NYY,New York Yankees,162,80,1996,1,92,70,Yankee Stadium II,2250877,162,871,Y,N,Y,Y,28135.9625
NYN,NYM,New York Mets,162,81,1996,4,71,91,Shea Stadium,1588323,147,746,N,N,N,N,19608.925925925927
OAK,OAK,Oakland Athletics,162,81,1996,3,78,84,Oakland Coliseum,1148380,243,861,N,N,N,N,14177.530864197532
PHI,PHI,Philadelphia Phillies,162,81,1996,5,67,95,Veterans Stadium,1801677,132,650,N,N,N,N,22242.925925925927
PIT,PIT,Pittsburgh Pirates,162,80,1996,5,73,89,Three Rivers Stadium,1332150,138,776,N,N,N,N,16651.875
SDN,SDP,San Diego Padres,162,81,1996,1,91,71,Jack Murphy Stadium,2187886,147,771,Y,N,N,N,27010.938271604937
SEA,SEA,Seattle Mariners,161,81,1996,2,85,76,Kingdome,2723850,245,993,N,N,N,N,33627.77777777778
SFN,SFG,San Francisco Giants,162,82,1996,4,68,94,Candlestick Park,1413922,153,752,N,N,N,N,17242.951219512193
SLN,STL,St. Louis Cardinals,162,81,1996,1,88,74,Busch Stadium II,2654718,142,759,Y,N,N,N,32774.2962962963
TEX,TEX,Texas Rangers,163,81,1996,1,90,72,The Ballpark at Arlington,2889020,221,928,Y,N,N,N,35666.91358024691
TOR,TOR,Toronto Blue Jays,162,81,1996,4,74,88,Skydome,2559573,177,766,N,N,N,N,31599.666666666668
ANA,ANA,Anaheim Angels,162,82,1997,2,84,78,Edison International Field,1767330,161,829,N,N,N,N,21552.80487804878
ATL,ATL,Atlanta Braves,162,81,1997,1,101,61,Turner Field,3464488,174,791,Y,N,N,N,42771.456790123455
BAL,BAL,Baltimore Orioles,162,81,1997,1,98,64,Oriole Park at Camden Yards,3711132,196,812,Y,N,N,N,45816.444444444445
BOS,BOS,Boston Red Sox,162,81,1997,4,78,84,Fenway Park II,2226136,185,851,N,N,N,N,27483.16049382716
CHA,CHW,Chicago White Sox,161,81,1997,2,80,81,Comiskey Park II,1864782,158,779,N,N,N,N,23022.0
CHN,CHC,Chicago Cubs,162,81,1997,5,68,94,Wrigley Field,2190308,127,687,N,N,N,N,27040.83950617284
CIN,CIN,Cincinnati Reds,162,81,1997,3,76,86,Cinergy Field,1785788,142,651,N,N,N,N,22046.765432098764
CLE,CLE,Cleveland Indians,161,81,1997,1,86,75,Jacobs Field,3404750,220,868,Y,N,Y,N,42033.950617283954
COL,COL,Colorado Rockies,162,81,1997,3,83,79,Coors Field,3888453,239,923,N,N,N,N,48005.59259259259
DET,DET,Detroit Tigers,162,81,1997,3,79,83,Tiger Stadium,1365157,176,784,N,N,N,N,16853.79012345679
FLO,FLA,Florida Marlins,162,81,1997,2,92,70,Joe Robbie Stadium,2364387,136,740,N,Y,Y,Y,29189.962962962964
HOU,HOU,Houston Astros,162,81,1997,1,84,78,Astrodome,2046781,133,777,Y,N,N,N,25268.9012345679
KCA,KCR,Kansas City Royals,161,80,1997,5,67,94,Kauffman Stadium,1517638,158,747,N,N,N,N,18970.475
LAN,LAD,Los Angeles Dodgers,162,81,1997,2,88,74,Dodger Stadium,3319504,174,742,N,N,N,N,40981.53086419753
MIN,MIN,Minnesota Twins,162,81,1997,4,68,94,Hubert H Humphrey Metrodome,1411064,132,772,N,N,N,N,17420.543209876545
ML4,MIL,Milwaukee Brewers,161,80,1997,3,78,83,County Stadium,1444027,135,681,N,N,N,N,18050.3375
MON,WSN,Montreal Expos,162,81,1997,4,78,84,Stade Olympique,1497609,172,691,N,N,N,N,18489.0
NYA,NYY,New York Yankees,162,80,1997,2,96,66,Yankee Stadium II,2580325,161,891,N,Y,N,N,32254.0625
NYN,NYM,New York Mets,162,81,1997,3,88,74,Shea Stadium,1766174,153,777,N,N,N,N,21804.617283950614
OAK,OAK,Oakland Athletics,162,81,1997,4,65,97,Oakland Coliseum,1264218,197,764,N,N,N,N,15607.62962962963
PHI,PHI,Philadelphia Phillies,162,81,1997,5,68,94,Veterans Stadium,1490638,116,668,N,N,N,N,18402.938271604937
PIT,PIT,Pittsburgh Pirates,162,81,1997,2,79,83,Three Rivers Stadium,1657022,129,725,N,N,N,N,20457.061728395063
SDN,SDP,San Diego Padres,162,81,1997,4,76,86,Qualcomm Stadium,2089333,152,795,N,N,N,N,25794.23456790124
SEA,SEA,Seattle Mariners,162,81,1997,1,90,72,Kingdome,3192237,264,925,Y,N,N,N,39410.333333333336
SFN,SFG,San Francisco Giants,162,81,1997,1,90,72,3Com Park,1690869,172,784,Y,N,N,N,20874.925925925927
SLN,STL,St. Louis Cardinals,162,81,1997,4,73,89,Busch Stadium II,2634014,144,689,N,N,N,N,32518.69135802469
TEX,TEX,Texas Rangers,162,81,1997,3,77,85,The Ballpark at Arlington,2945228,187,807,N,N,N,N,36360.83950617284
TOR,TOR,Toronto Blue Jays,162,81,1997,5,76,86,Skydome,2589297,147,654,N,N,N,N,31966.62962962963
ANA,ANA,Anaheim Angels,162,81,1998,2,85,77,Edison International Field,2519280,147,787,N,N,N,N,31102.222222222223
ARI,ARI,Arizona Diamondbacks,162,81,1998,5,65,97,Bank One Ballpark,3610290,159,665,N,N,N,N,44571.48148148148
ATL,ATL,Atlanta Braves,162,81,1998,1,106,56,Turner Field,3360860,215,826,Y,N,N,N,41492.0987654321
BAL,BAL,Baltimore Orioles,162,81,1998,4,79,83,Oriole Park at Camden Yards,3684650,214,817,N,N,N,N,45489.50617283951
BOS,BOS,Boston Red Sox,162,81,1998,2,92,70,Fenway Park II,2314704,205,876,N,Y,N,N,28576.59259259259
CHA,CHW,Chicago White Sox,163,81,1998,2,80,82,Comiskey Park II,1391146,198,861,N,N,N,N,17174.64197530864
CHN,CHC,Chicago Cubs,163,82,1998,2,90,73,Wrigley Field,2623194,212,831,N,Y,N,N,31990.17073170732
CIN,CIN,Cincinnati Reds,162,81,1998,4,77,85,Cinergy Field,1793649,138,750,N,N,N,N,22143.81481481481
CLE,CLE,Cleveland Indians,162,81,1998,1,89,73,Jacobs Field,3467299,198,850,Y,N,N,N,42806.16049382716
COL,COL,Colorado Rockies,162,81,1998,4,77,85,Coors Field,3792683,183,826,N,N,N,N,46823.246913580246
DET,DET,Detroit Tigers,162,81,1998,5,65,97,Tiger Stadium,1409391,165,722,N,N,N,N,17399.88888888889
FLO,FLA,Florida Marlins,162,81,1998,5,54,108,Joe Robbie Stadium,1730384,114,667,N,N,N,N,21362.765432098764
HOU,HOU,Houston Astros,162,81,1998,1,102,60,Astrodome,2458451,166,874,Y,N,N,N,30351.24691358025
KCA,KCR,Kansas City Royals,161,80,1998,3,72,89,Kauffman Stadium,1494875,134,714,N,N,N,N,18685.9375
LAN,LAD,Los Angeles Dodgers,162,81,1998,3,83,79,Dodger Stadium,3089222,159,669,N,N,N,N,38138.54320987655
MIL,MIL,Milwaukee Brewers,162,81,1998,5,74,88,County Stadium,1811593,152,707,N,N,N,N,22365.345679012345
MIN,MIN,Minnesota Twins,162,81,1998,4,70,92,Hubert H Humphrey Metrodome,1165976,115,734,N,N,N,N,14394.765432098766
MON,WSN,Montreal Expos,162,81,1998,4,65,97,Stade Olympique,914909,147,644,N,N,N,N,11295.172839506173
NYA,NYY,New York Yankees,162,81,1998,1,114,48,Yankee Stadium II,2955193,207,965,Y,N,Y,Y,36483.864197530864
NYN,NYM,New York Mets,162,81,1998,2,88,74,Shea Stadium,2287948,136,706,N,N,N,N,28246.271604938276
OAK,OAK,Oakland Athletics,162,81,1998,4,74,88,Oakland Coliseum,1232343,149,804,N,N,N,N,15214.111111111111
PHI,PHI,Philadelphia Phillies,162,81,1998,3,75,87,Veterans Stadium,1715722,126,713,N,N,N,N,21181.753086419754
PIT,PIT,Pittsburgh Pirates,163,80,1998,6,69,93,Three Rivers Stadium,1560950,107,650,N,N,N,N,19511.875
SDN,SDP,San Diego Padres,162,81,1998,1,98,64,Qualcomm Stadium,2555874,167,749,Y,N,Y,N,31554.0
SEA,SEA,Seattle Mariners,161,81,1998,3,76,85,Kingdome,2651511,234,859,N,N,N,N,32734.703703703704
SFN,SFG,San Francisco Giants,163,81,1998,2,89,74,3Com Park,1925364,161,845,N,N,N,N,23769.925925925927
SLN,STL,St. Louis Cardinals,163,82,1998,3,83,79,Busch Stadium II,3195691,223,810,N,N,N,N,38971.84146341463
TBA,TBD,Tampa Bay Devil Rays,162,81,1998,5,63,99,Tropicana Field,2506293,111,620,N,N,N,N,30941.88888888889
TEX,TEX,Texas Rangers,162,81,1998,1,88,74,The Ballpark at Arlington,2927399,201,940,Y,N,N,N,36140.72839506173
TOR,TOR,Toronto Blue Jays,163,81,1998,3,88,74,Skydome,2454303,221,816,N,N,N,N,30300.03703703704
ANA,ANA,Anaheim Angels,162,81,1999,4,70,92,Edison International Field,2253123,158,711,N,N,N,N,27816.33333333333
ARI,ARI,Arizona Diamondbacks,162,81,1999,1,100,62,Bank One Ballpark,3019654,216,908,Y,N,N,N,37279.67901234568
ATL,ATL,Atlanta Braves,162,81,1999,1,103,59,Turner Field,3284897,197,840,Y,N,Y,N,40554.28395061728
BAL,BAL,Baltimore Orioles,162,81,1999,4,78,84,Oriole Park at Camden Yards,3433150,203,851,N,N,N,N,42384.56790123456
BOS,BOS,Boston Red Sox,162,81,1999,2,94,68,Fenway Park II,2446162,176,836,N,Y,N,N,30199.53086419753
CHA,CHW,Chicago White Sox,162,81,1999,2,75,86,Comiskey Park II,1338851,162,777,N,N,N,N,16529.024691358023
CHN,CHC,Chicago Cubs,162,81,1999,6,67,95,Wrigley Field,2813854,189,747,N,N,N,N,34738.93827160494
CIN,CIN,Cincinnati Reds,163,82,1999,2,96,67,Cinergy Field,2061222,209,865,N,N,N,N,25136.853658536584
CLE,CLE,Cleveland Indians,162,81,1999,1,97,65,Jacobs Field,3468456,209,1009,Y,N,N,N,42820.444444444445
COL,COL,Colorado Rockies,162,81,1999,5,72,90,Coors Field,3481065,223,906,N,N,N,N,42976.11111111111
DET,DET,Detroit Tigers,161,81,1999,3,69,92,Tiger Stadium,2026441,212,747,N,N,N,N,25017.79012345679
FLO,FLA,Florida Marlins,162,80,1999,5,64,98,Pro Player Stadium,1369421,128,691,N,N,N,N,17117.7625
HOU,HOU,Houston Astros,162,82,1999,1,97,65,Astrodome,2706017,168,823,Y,N,N,N,33000.20731707317
KCA,KCR,Kansas City Royals,161,80,1999,4,64,97,Kauffman Stadium,1506068,151,856,N,N,N,N,18825.85
LAN,LAD,Los Angeles Dodgers,162,81,1999,3,77,85,Dodger Stadium,3095346,187,793,N,N,N,N,38214.14814814815
MIL,MIL,Milwaukee Brewers,161,80,1999,5,74,87,County Stadium,1701796,165,815,N,N,N,N,21272.45
MIN,MIN,Minnesota Twins,161,81,1999,5,63,97,Hubert H Humphrey Metrodome,1202829,105,686,N,N,N,N,14849.74074074074
MON,WSN,Montreal Expos,162,81,1999,4,68,94,Stade Olympique,773277,163,718,N,N,N,N,9546.62962962963
NYA,NYY,New York Yankees,162,81,1999,1,98,64,Yankee Stadium II,3292736,193,900,Y,N,Y,Y,40651.06172839506
NYN,NYM,New York Mets,163,81,1999,2,97,66,Shea Stadium,2725668,181,853,N,Y,N,N,33650.22222222222
OAK,OAK,Oakland Athletics,162,81,1999,2,87,75,Oakland Coliseum,1434610,235,893,N,N,N,N,17711.234567901236
PHI,PHI,Philadelphia Phillies,162,81,1999,3,77,85,Veterans Stadium,1825337,161,841,N,N,N,N,22535.024691358023
PIT,PIT,Pittsburgh Pirates,161,81,1999,3,78,83,Three Rivers Stadium,1638023,171,775,N,N,N,N,20222.506172839505
SDN,SDP,San Diego Padres,162,81,1999,4,74,88,Qualcomm Stadium,2523538,153,710,N,N,N,N,31154.79012345679
SEA,SEA,Seattle Mariners,162,81,1999,3,79,83,Kingdome / Safeco Field,2916346,244,859,N,N,N,N,36004.27160493827
SFN,SFG,San Francisco Giants,162,81,1999,2,86,76,3Com Park,2078399,188,872,N,N,N,N,25659.24691358025
SLN,STL,St. Louis Cardinals,161,80,1999,4,75,86,Busch Stadium II,3225334,194,809,N,N,N,N,40316.675
TBA,TBD,Tampa Bay Devil Rays,162,81,1999,5,69,93,Tropicana Field,1562827,145,772,N,N,N,N,19294.16049382716
TEX,TEX,Texas Rangers,162,81,1999,1,95,67,The Ballpark at Arlington,2771469,230,945,Y,N,N,N,34215.666666666664
TOR,TOR,Toronto Blue Jays,162,81,1999,3,84,78,Skydome,2163464,212,883,N,N,N,N,26709.432098765432
ANA,ANA,Anaheim Angels,162,81,2000,3,82,80,Edison International Field,2066982,236,864,N,N,N,N,25518.296296296296
ARI,ARI,Arizona Diamondbacks,162,81,2000,3,85,77,Bank One Ballpark,2942251,179,792,N,N,N,N,36324.08641975309
ATL,ATL,Atlanta Braves,162,81,2000,1,95,67,Turner Field,3234304,179,810,Y,N,N,N,39929.67901234568
BAL,BAL,Baltimore Orioles,162,81,2000,4,74,88,Oriole Park at Camden Yards,3297031,184,794,N,N,N,N,40704.08641975309
BOS,BOS,Boston Red Sox,162,81,2000,2,85,77,Fenway Park II,2585895,167,792,N,N,N,N,31924.62962962963
CHA,CHW,Chicago White Sox,162,81,2000,1,95,67,Comiskey Park II,1947799,216,978,Y,N,N,N,24046.9012345679
CHN,CHC,Chicago Cubs,162,81,2000,6,65,97,Wrigley Field,2789511,183,764,N,N,N,N,34438.40740740741
CIN,CIN,Cincinnati Reds,163,82,2000,2,85,77,Cinergy Field,2577371,200,825,N,N,N,N,31431.353658536584
CLE,CLE,Cleveland Indians,162,81,2000,2,90,72,Jacobs Field,3456278,221,950,N,N,N,N,42670.0987654321
COL,COL,Colorado Rockies,162,81,2000,4,82,80,Coors Field,3295129,161,968,N,N,N,N,40680.60493827161
DET,DET,Detroit Tigers,162,81,2000,3,79,83,Comerica Park,2438617,177,823,N,N,N,N,30106.382716049386
FLO,FLA,Florida Marlins,161,81,2000,3,79,82,Pro Player Stadium,1218326,160,731,N,N,N,N,15041.06172839506
HOU,HOU,Houston Astros,162,81,2000,4,72,90,Enron Field,3056139,249,938,N,N,N,N,37730.11111111111
KCA,KCR,Kansas City Royals,162,81,2000,4,77,85,Kauffman Stadium,1564847,150,879,N,N,N,N,19319.0987654321
LAN,LAD,Los Angeles Dodgers,162,81,2000,2,86,76,Dodger Stadium,2880242,211,798,N,N,N,N,35558.543209876545
MIL,MIL,Milwaukee Brewers,163,81,2000,3,73,89,County Stadium,1573621,177,740,N,N,N,N,19427.41975308642
MIN,MIN,Minnesota Twins,162,81,2000,5,69,93,Hubert H Humphrey Metrodome,1000760,116,748,N,N,N,N,12355.06172839506
MON,WSN,Montreal Expos,162,81,2000,4,67,95,Stade Olympique,926272,178,738,N,N,N,N,11435.456790123457
NYA,NYY,New York Yankees,161,80,2000,1,87,74,Yankee Stadium II,3055435,205,871,Y,N,Y,Y,38192.9375
NYN,NYM,New York Mets,162,81,2000,2,94,68,Shea Stadium,2820530,198,807,N,Y,Y,N,34821.358024691355
OAK,OAK,Oakland Athletics,161,81,2000,1,91,70,Oakland Coliseum,1603744,239,947,Y,N,N,N,19799.30864197531
PHI,PHI,Philadelphia Phillies,162,81,2000,5,65,97,Veterans Stadium,1612769,144,708,N,N,N,N,19910.728395061727
PIT,PIT,Pittsburgh Pirates,162,81,2000,5,69,93,Three Rivers Stadium,1748908,168,793,N,N,N,N,21591.45679012345
SDN,SDP,San Diego Padres,162,81,2000,5,76,86,Qualcomm Stadium,2352443,157,752,N,N,N,N,29042.506172839505
SEA,SEA,Seattle Mariners,162,81,2000,2,91,71,Safeco Field,2914624,198,907,N,Y,N,N,35983.01234567901
SFN,SFG,San Francisco Giants,162,81,2000,1,97,65,PacBell Park,3318800,226,925,Y,N,N,N,40972.83950617284
SLN,STL,St. Louis Cardinals,162,81,2000,1,95,67,Busch Stadium II,3336493,235,887,Y,N,N,N,41191.27160493827
TBA,TBD,Tampa Bay Devil Rays,161,80,2000,5,69,92,Tropicana Field,1449673,162,733,N,N,N,N,18120.9125
TEX,TEX,Texas Rangers,162,81,2000,4,71,91,The Ballpark at Arlington,2588401,173,848,N,N,N,N,31955.567901234568
TOR,TOR,Toronto Blue Jays,162,81,2000,3,83,79,Skydome,1705712,244,861,N,N,N,N,21058.172839506173
ANA,ANA,Anaheim Angels,162,81,2001,3,75,87,Edison International Field,2000919,158,691,N,N,N,N,24702.703703703704
ARI,ARI,Arizona Diamondbacks,162,81,2001,1,92,70,Bank One Ballpark,2736451,208,818,Y,N,Y,Y,33783.345679012345
ATL,ATL,Atlanta Braves,162,81,2001,1,88,74,Turner Field,2823530,174,729,Y,N,N,N,34858.39506172839
BAL,BAL,Baltimore Orioles,162,80,2001,4,63,98,Oriole Park at Camden Yards,3094841,136,687,N,N,N,N,38685.5125
BOS,BOS,Boston Red Sox,161,81,2001,2,82,79,Fenway Park II,2625333,198,772,N,N,N,N,32411.51851851852
CHA,CHW,Chicago White Sox,162,81,2001,3,83,79,Comiskey Park II,1766172,214,798,N,N,N,N,21804.59259259259
CHN,CHC,Chicago Cubs,162,81,2001,3,88,74,Wrigley Field,2779465,194,777,N,N,N,N,34314.38271604938
CIN,CIN,Cincinnati Reds,162,81,2001,5,66,96,Cinergy Field,1879757,176,735,N,N,N,N,23206.87654320988
CLE,CLE,Cleveland Indians,162,80,2001,1,91,71,Jacobs Field,3175523,212,897,Y,N,N,N,39694.0375
COL,COL,Colorado Rockies,162,81,2001,5,73,89,Coors Field,3166821,213,923,N,N,N,N,39096.55555555556
DET,DET,Detroit Tigers,162,81,2001,4,66,96,Comerica Park,1921305,139,724,N,N,N,N,23719.81481481481
FLO,FLA,Florida Marlins,162,80,2001,4,76,86,Pro Player Stadium,1261226,166,742,N,N,N,N,15765.325
HOU,HOU,Houston Astros,162,81,2001,1,93,69,Enron Field,2904277,208,847,Y,N,N,N,35855.27160493827
KCA,KCR,Kansas City Royals,162,81,2001,5,65,97,Kauffman Stadium,1536371,152,729,N,N,N,N,18967.543209876545
LAN,LAD,Los Angeles Dodgers,162,81,2001,3,86,76,Dodger Stadium,3017143,206,758,N,N,N,N,37248.67901234568
MIL,MIL,Milwaukee Brewers,162,81,2001,4,68,94,Miller Park,2811041,209,740,N,N,N,N,34704.20987654321
MIN,MIN,Minnesota Twins,162,81,2001,2,85,77,Hubert H Humphrey Metrodome,1782929,164,771,N,N,N,N,22011.46913580247
MON,WSN,Montreal Expos,162,81,2001,5,68,94,Stade Olympique,642745,131,670,N,N,N,N,7935.123456790124
NYA,NYY,New York Yankees,161,80,2001,1,95,65,Yankee Stadium II,3264907,203,804,Y,N,Y,N,40811.3375
NYN,NYM,New York Mets,162,81,2001,3,82,80,Shea Stadium,2658330,147,642,N,N,N,N,32818.88888888889
OAK,OAK,Oakland Athletics,162,81,2001,2,102,60,Oakland Coliseum,2133277,199,884,N,Y,N,N,26336.753086419754
PHI,PHI,Philadelphia Phillies,162,81,2001,2,86,76,Veterans Stadium,1782054,164,746,N,N,N,N,22000.666666666668
PIT,PIT,Pittsburgh Pirates,162,81,2001,6,62,100,PNC Park,2464870,161,657,N,N,N,N,30430.49382716049
SDN,SDP,San Diego Padres,162,81,2001,4,79,83,Qualcomm Stadium,2378128,161,789,N,N,N,N,29359.604938271605
SEA,SEA,Seattle Mariners,162,81,2001,1,116,46,Safeco Field,3507326,169,927,Y,N,N,N,43300.32098765432
SFN,SFG,San Francisco Giants,162,81,2001,2,90,72,PacBell Park,3311958,235,799,N,N,N,N,40888.37037037037
SLN,STL,St. Louis Cardinals,162,82,2001,2,93,69,Busch Stadium II,3109578,199,814,N,Y,N,N,37921.68292682927
TBA,TBD,Tampa Bay Devil Rays,162,81,2001,5,62,100,Tropicana Field,1298365,121,672,N,N,N,N,16029.197530864198
TEX,TEX,Texas Rangers,162,82,2001,4,73,89,The Ballpark at Arlington,2831021,246,890,N,N,N,N,34524.64634146341
TOR,TOR,Toronto Blue Jays,162,82,2001,3,80,82,Skydome,1915438,195,767,N,N,N,N,23359.0
ANA,ANA,Anaheim Angels,162,81,2002,2,99,63,Edison International Field,2305547,152,851,N,Y,Y,Y,28463.543209876545
ARI,ARI,Arizona Diamondbacks,162,81,2002,1,98,64,Bank One Ballpark,3198977,165,819,Y,N,N,N,39493.54320987655
ATL,ATL,Atlanta Braves,161,81,2002,1,101,59,Turner Field,2603484,164,708,Y,N,N,N,32141.777777777777
BAL,BAL,Baltimore Orioles,162,81,2002,4,67,95,Oriole Park at Camden Yards,2682439,165,667,N,N,N,N,33116.53086419753
BOS,BOS,Boston Red Sox,162,81,2002,2,93,69,Fenway Park II,2650862,177,859,N,N,N,N,32726.69135802469
CHA,CHW,Chicago White Sox,162,81,2002,2,81,81,Comiskey Park II,1676911,217,856,N,N,N,N,20702.604938271605
CHN,CHC,Chicago Cubs,162,78,2002,5,67,95,Wrigley Field,2693096,200,706,N,N,N,N,34526.8717948718
CIN,CIN,Cincinnati Reds,162,80,2002,3,78,84,Cinergy Field,1855787,169,709,N,N,N,N,23197.3375
CLE,CLE,Cleveland Indians,162,81,2002,3,74,88,Jacobs Field,2616940,192,739,N,N,N,N,32307.9012345679
COL,COL,Colorado Rockies,162,81,2002,4,73,89,Coors Field,2737838,152,778,N,N,N,N,33800.46913580247
DET,DET,Detroit Tigers,161,80,2002,5,55,106,Comerica Park,1503623,124,575,N,N,N,N,18795.2875
FLO,FLA,Florida Marlins,162,81,2002,4,79,83,Pro Player Stadium,813118,146,699,N,N,N,N,10038.493827160491
HOU,HOU,Houston Astros,162,81,2002,2,84,78,Minute Maid Park,2517357,167,749,N,N,N,N,31078.48148148148
KCA,KCR,Kansas City Royals,162,77,2002,4,62,100,Kauffman Stadium,1323036,140,737,N,N,N,N,17182.285714285714
LAN,LAD,Los Angeles Dodgers,162,81,2002,3,92,70,Dodger Stadium,3131255,155,713,N,N,N,N,38657.46913580247
MIL,MIL,Milwaukee Brewers,162,81,2002,6,56,106,Miller Park,1969153,139,627,N,N,N,N,24310.53086419753
MIN,MIN,Minnesota Twins,161,81,2002,1,94,67,Hubert H Humphrey Metrodome,1924473,167,768,Y,N,N,N,23758.925925925927
MON,WSN,Montreal Expos,162,81,2002,2,83,79,Stade Olympique,812045,162,735,N,N,N,N,10025.246913580248
NYA,NYY,New York Yankees,161,80,2002,1,103,58,Yankee Stadium II,3465807,223,897,Y,N,N,N,43322.5875
NYN,NYM,New York Mets,161,78,2002,5,75,86,Shea Stadium,2804838,160,690,N,N,N,N,35959.46153846154
OAK,OAK,Oakland Athletics,162,81,2002,1,103,59,Oakland Coliseum,2169811,205,800,Y,N,N,N,26787.79012345679
PHI,PHI,Philadelphia Phillies,161,79,2002,3,80,81,Veterans Stadium,1618467,165,710,N,N,N,N,20486.92405063291
PIT,PIT,Pittsburgh Pirates,161,79,2002,4,72,89,PNC Park,1784988,142,641,N,N,N,N,22594.78481012658
SDN,SDP,San Diego Padres,162,81,2002,5,66,96,Qualcomm Stadium,2220601,136,662,N,N,N,N,27414.827160493827
SEA,SEA,Seattle Mariners,162,81,2002,3,93,69,Safeco Field,3542938,152,814,N,N,N,N,43739.97530864197
SFN,SFG,San Francisco Giants,162,81,2002,2,95,66,PacBell Park,3253203,198,783,N,Y,Y,N,40163.0
SLN,STL,St. Louis Cardinals,162,81,2002,1,97,65,Busch Stadium II,3011756,175,787,Y,N,N,N,37182.17283950617
TBA,TBD,Tampa Bay Devil Rays,161,81,2002,5,55,106,Tropicana Field,1065742,133,673,N,N,N,N,13157.308641975307
TEX,TEX,Texas Rangers,162,80,2002,4,72,90,The Ballpark at Arlington,2352397,230,843,N,N,N,N,29404.9625
TOR,TOR,Toronto Blue Jays,162,81,2002,3,78,84,Skydome,1637900,187,813,N,N,N,N,20220.987654320987
ANA,ANA,Anaheim Angels,162,82,2003,3,77,85,Edison International Field,3061094,150,736,N,N,N,N,37330.41463414634
ARI,ARI,Arizona Diamondbacks,162,81,2003,3,84,78,Bank One Ballpark,2805542,152,717,N,N,N,N,34636.32098765432
ATL,ATL,Atlanta Braves,162,81,2003,1,101,61,Turner Field,2401084,235,907,Y,N,N,N,29643.012345679013
BAL,BAL,Baltimore Orioles,163,81,2003,4,71,91,Oriole Park at Camden Yards,2454523,152,743,N,N,N,N,30302.753086419754
BOS,BOS,Boston Red Sox,162,81,2003,2,95,67,Fenway Park II,2724165,238,961,N,Y,N,N,33631.666666666664
CHA,CHW,Chicago White Sox,162,81,2003,2,86,76,U.S. Cellular Field,1939524,220,791,N,N,N,N,23944.74074074074
CHN,CHC,Chicago Cubs,162,81,2003,1,88,74,Wrigley Field,2962630,172,724,Y,N,N,N,36575.67901234568
CIN,CIN,Cincinnati Reds,162,81,2003,5,69,93,Great American Ball Park,2355259,182,694,N,N,N,N,29077.271604938276
CLE,CLE,Cleveland Indians,162,81,2003,4,68,94,Jacobs Field,1730002,158,699,N,N,N,N,21358.04938271605
COL,COL,Colorado Rockies,162,81,2003,4,74,88,Coors Field,2334085,198,853,N,N,N,N,28815.864197530864
DET,DET,Detroit Tigers,162,81,2003,5,43,119,Comerica Park,1368245,153,591,N,N,N,N,16891.913580246914
FLO,FLA,Florida Marlins,162,81,2003,2,91,71,Pro Player Stadium,1303215,157,751,N,Y,Y,Y,16089.074074074077
HOU,HOU,Houston Astros,162,81,2003,2,87,75,Minute Maid Park,2454241,191,805,N,N,N,N,30299.271604938276
KCA,KCR,Kansas City Royals,162,80,2003,3,83,79,Kauffman Stadium,1779895,162,836,N,N,N,N,22248.6875
LAN,LAD,Los Angeles Dodgers,162,81,2003,2,85,77,Dodger Stadium,3138626,124,574,N,N,N,N,38748.46913580247
MIL,MIL,Milwaukee Brewers,162,81,2003,6,68,94,Miller Park,1700354,196,714,N,N,N,N,20992.024691358023
MIN,MIN,Minnesota Twins,162,81,2003,1,90,72,Hubert H Humphrey Metrodome,1946011,155,801,Y,N,N,N,24024.827160493827
MON,WSN,Montreal Expos,162,81,2003,4,83,79,Stade Olympique/Hiram Bithorn Stadium,1025639,144,711,N,N,N,N,12662.20987654321
NYA,NYY,New York Yankees,163,82,2003,1,101,61,Yankee Stadium II,3465600,230,877,Y,N,Y,N,42263.41463414634
NYN,NYM,New York Mets,161,80,2003,5,66,95,Shea Stadium,2140599,124,642,N,N,N,N,26757.4875
OAK,OAK,Oakland Athletics,162,81,2003,1,96,66,Oakland Coliseum,2216596,176,768,Y,N,N,N,27365.382716049386
PHI,PHI,Philadelphia Phillies,162,81,2003,3,86,76,Veterans Stadium,2259948,166,791,N,N,N,N,27900.59259259259
PIT,PIT,Pittsburgh Pirates,162,81,2003,4,75,87,PNC Park,1636751,163,753,N,N,N,N,20206.802469135804
SDN,SDP,San Diego Padres,162,81,2003,5,64,98,Qualcomm Stadium,2030084,128,678,N,N,N,N,25062.765432098764
SEA,SEA,Seattle Mariners,162,81,2003,2,93,69,Safeco Field,3268509,139,795,N,N,N,N,40351.96296296296
SFN,SFG,San Francisco Giants,161,81,2003,1,100,61,PacBell Park,3264898,180,755,Y,N,N,N,40307.38271604938
SLN,STL,St. Louis Cardinals,162,81,2003,3,85,77,Busch Stadium II,2910386,196,876,N,N,N,N,35930.69135802469
TBA,TBD,Tampa Bay Devil Rays,162,81,2003,5,63,99,Tropicana Field,1058695,137,715,N,N,N,N,13070.308641975307
TEX,TEX,Texas Rangers,162,81,2003,4,71,91,The Ballpark at Arlington,2094394,239,826,N,N,N,N,25856.71604938272
TOR,TOR,Toronto Blue Jays,162,81,2003,3,86,76,Skydome,1799458,190,894,N,N,N,N,22215.53086419753
ANA,ANA,Anaheim Angels,162,81,2004,1,92,70,Angels Stadium of Anaheim,3375677,162,836,Y,N,N,N,41675.02469135803
ARI,ARI,Arizona Diamondbacks,162,81,2004,5,51,111,Bank One Ballpark,2519560,135,615,N,N,N,N,31105.67901234568
ATL,ATL,Atlanta Braves,162,81,2004,1,96,66,Turner Field,2327565,178,803,Y,N,N,N,28735.37037037037
BAL,BAL,Baltimore Orioles,162,81,2004,3,78,84,Oriole Park at Camden Yards,2744018,169,842,N,N,N,N,33876.765432098764
BOS,BOS,Boston Red Sox,162,81,2004,2,98,64,Fenway Park II,2837294,222,949,N,Y,Y,Y,35028.32098765432
CHA,CHW,Chicago White Sox,162,81,2004,2,83,79,U.S. Cellular Field,1930537,242,865,N,N,N,N,23833.79012345679
CHN,CHC,Chicago Cubs,162,82,2004,3,89,73,Wrigley Field,3170154,235,789,N,N,N,N,38660.41463414634
CIN,CIN,Cincinnati Reds,162,81,2004,4,76,86,Great American Ball Park,2287250,194,750,N,N,N,N,28237.65432098765
CLE,CLE,Cleveland Indians,162,81,2004,3,80,82,Jacobs Field,1814401,184,858,N,N,N,N,22400.012345679013
COL,COL,Colorado Rockies,162,81,2004,4,68,94,Coors Field,2338069,202,833,N,N,N,N,28865.04938271605
DET,DET,Detroit Tigers,162,81,2004,4,72,90,Comerica Park,1917004,201,827,N,N,N,N,23666.71604938272
FLO,FLA,Florida Marlins,162,80,2004,3,83,79,Pro Player Stadium,1723105,148,718,N,N,N,N,21538.8125
HOU,HOU,Houston Astros,162,81,2004,2,92,70,Minute Maid Park,3087872,187,803,N,Y,N,N,38121.87654320987
KCA,KCR,Kansas City Royals,162,80,2004,5,58,104,Kauffman Stadium,1661478,150,720,N,N,N,N,20768.475
LAN,LAD,Los Angeles Dodgers,162,81,2004,1,93,69,Dodger Stadium,3488283,203,761,Y,N,N,N,43065.22222222222
MIL,MIL,Milwaukee Brewers,161,81,2004,6,67,94,Miller Park,2062382,135,634,N,N,N,N,25461.506172839505
MIN,MIN,Minnesota Twins,162,81,2004,1,92,70,Hubert H Humphrey Metrodome,1911490,191,780,Y,N,N,N,23598.64197530864
MON,WSN,Montreal Expos,162,80,2004,5,67,95,Stade Olympique/Hiram Bithorn Stadium,749550,151,635,N,N,N,N,9369.375
NYA,NYY,New York Yankees,162,81,2004,1,101,61,Yankee Stadium II,3775292,242,897,Y,N,N,N,46608.54320987655
NYN,NYM,New York Mets,162,81,2004,4,71,91,Shea Stadium,2318951,185,684,N,N,N,N,28629.024691358023
OAK,OAK,Oakland Athletics,162,81,2004,2,91,71,Network Associates Coliseum,2201516,189,793,N,N,N,N,27179.20987654321
PHI,PHI,Philadelphia Phillies,162,81,2004,2,86,76,Citizens Bank Park,3250092,215,840,N,N,N,N,40124.59259259259
PIT,PIT,Pittsburgh Pirates,161,80,2004,5,72,89,PNC Park,1580031,142,680,N,N,N,N,19750.3875
SDN,SDP,San Diego Padres,162,81,2004,3,87,75,Petco Park,3016752,139,768,N,N,N,N,37243.851851851854
SEA,SEA,Seattle Mariners,162,82,2004,4,63,99,Safeco Field,2940731,136,698,N,N,N,N,35862.57317073171
SFN,SFG,San Francisco Giants,162,82,2004,2,91,71,SBC Park,3256854,183,850,N,N,N,N,39717.73170731707
SLN,STL,St. Louis Cardinals,162,81,2004,1,105,57,Busch Stadium II,3048427,214,855,Y,N,Y,N,37634.9012345679
TBA,TBD,Tampa Bay Devil Rays,161,80,2004,4,70,91,Tropicana Field,1274911,145,714,N,N,N,N,15936.3875
TEX,TEX,Texas Rangers,162,81,2004,3,89,73,The Ballpark at Arlington,2513685,227,860,N,N,N,N,31033.14814814815
TOR,TOR,Toronto Blue Jays,161,81,2004,5,67,94,Skydome,1900041,145,719,N,N,N,N,23457.296296296296
ARI,ARI,Arizona Diamondbacks,162,81,2005,2,77,85,Bank One Ballpark,2059424,191,696,N,N,N,N,25424.987654320987
ATL,ATL,Atlanta Braves,162,81,2005,1,90,72,Turner Field,2521167,184,769,Y,N,N,N,31125.51851851852
BAL,BAL,Baltimore Orioles,162,81,2005,4,74,88,Oriole Park at Camden Yards,2624740,189,729,N,N,N,N,32404.1975308642
BOS,BOS,Boston Red Sox,162,81,2005,2,95,67,Fenway Park II,2847888,199,910,N,Y,N,N,35159.11111111111
CHA,CHW,Chicago White Sox,162,81,2005,1,99,63,U.S. Cellular Field,2342833,200,741,Y,N,Y,Y,28923.864197530864
CHN,CHC,Chicago Cubs,162,81,2005,4,79,83,Wrigley Field,3099992,194,703,N,N,N,N,38271.50617283951
CIN,CIN,Cincinnati Reds,163,82,2005,5,73,89,Great American Ball Park,1943067,222,820,N,N,N,N,23695.939024390245
CLE,CLE,Cleveland Indians,162,81,2005,2,93,69,Jacobs Field,2013763,207,790,N,N,N,N,24861.271604938276
COL,COL,Colorado Rockies,162,81,2005,5,67,95,Coors Field,1914389,150,740,N,N,N,N,23634.432098765432
DET,DET,Detroit Tigers,162,81,2005,4,71,91,Comerica Park,2024431,168,723,N,N,N,N,24992.975308641977
FLO,FLA,Florida Marlins,162,81,2005,3,83,79,Dolphin Stadium,1852608,128,717,N,N,N,N,22871.703703703704
HOU,HOU,Houston Astros,163,81,2005,2,89,73,Minute Maid Park,2804760,161,693,N,Y,Y,N,34626.666666666664
KCA,KCR,Kansas City Royals,162,81,2005,5,56,106,Kauffman Stadium,1371181,126,701,N,N,N,N,16928.16049382716
LAA,ANA,Los Angeles Angels of Anaheim,162,81,2005,1,95,67,Angel Stadium,3404686,147,761,Y,N,N,N,42033.16049382716
LAN,LAD,Los Angeles Dodgers,162,81,2005,4,71,91,Dodger Stadium,3603646,149,685,N,N,N,N,44489.456790123455
MIL,MIL,Milwaukee Brewers,162,81,2005,3,81,81,Miller Park,2211023,175,726,N,N,N,N,27296.58024691358
MIN,MIN,Minnesota Twins,162,81,2005,3,83,79,Hubert H Humphrey Metrodome,2034243,134,688,N,N,N,N,25114.11111111111
NYA,NYY,New York Yankees,162,81,2005,1,95,67,Yankee Stadium II,4090696,229,886,Y,N,N,N,50502.41975308642
NYN,NYM,New York Mets,162,81,2005,3,83,79,Shea Stadium,2829929,175,722,N,N,N,N,34937.39506172839
OAK,OAK,Oakland Athletics,162,81,2005,2,88,74,McAfee Coliseum,2109118,155,772,N,N,N,N,26038.49382716049
PHI,PHI,Philadelphia Phillies,162,81,2005,2,88,74,Citizens Bank Park,2665304,167,807,N,N,N,N,32904.98765432099
PIT,PIT,Pittsburgh Pirates,162,81,2005,6,67,95,PNC Park,1817245,139,680,N,N,N,N,22435.123456790123
SDN,SDP,San Diego Padres,162,81,2005,1,82,80,Petco Park,2869787,130,684,Y,N,N,N,35429.46913580247
SEA,SEA,Seattle Mariners,162,81,2005,4,69,93,Safeco Field,2725459,130,699,N,N,N,N,33647.641975308645
SFN,SFG,San Francisco Giants,162,81,2005,3,75,87,SBC Park,3181023,128,649,N,N,N,N,39271.88888888889
SLN,STL,St. Louis Cardinals,162,81,2005,1,100,62,Busch Stadium II,3538988,170,805,Y,N,N,N,43691.20987654321
TBA,TBD,Tampa Bay Devil Rays,162,81,2005,5,67,95,Tropicana Field,1141669,157,750,N,N,N,N,14094.67901234568
TEX,TEX,Texas Rangers,162,81,2005,3,79,83,Ameriquest Field,2525221,260,865,N,N,N,N,31175.567901234568
TOR,TOR,Toronto Blue Jays,162,81,2005,3,80,82,Rogers Centre,2014995,136,775,N,N,N,N,24876.48148148148
WAS,WSN,Washington Nationals,162,81,2005,5,81,81,R.F.K. Stadium,2731993,117,639,N,N,N,N,33728.30864197531
ARI,ARI,Arizona Diamondbacks,162,81,2006,4,76,86,Chase Field,2091685,160,773,N,N,N,N,25823.271604938276
ATL,ATL,Atlanta Braves,162,81,2006,3,79,83,Turner Field,2550524,222,849,N,N,N,N,31487.95061728395
BAL,BAL,Baltimore Orioles,162,81,2006,4,70,92,Oriole Park at Camden Yards,2153139,164,768,N,N,N,N,26581.962962962964
BOS,BOS,Boston Red Sox,162,81,2006,3,86,76,Fenway Park II,2930588,192,820,N,N,N,N,36180.0987654321
CHA,CHW,Chicago White Sox,162,81,2006,3,90,72,U.S. Cellular Field,2957414,236,868,N,N,N,N,36511.28395061728
CHN,CHC,Chicago Cubs,162,81,2006,6,66,96,Wrigley Field,3123215,166,716,N,N,N,N,38558.20987654321
CIN,CIN,Cincinnati Reds,162,82,2006,3,80,82,Great American Ball Park,2134607,217,749,N,N,N,N,26031.79268292683
CLE,CLE,Cleveland Indians,162,81,2006,4,78,84,Jacobs Field,1997995,196,870,N,N,N,N,24666.604938271605
COL,COL,Colorado Rockies,162,81,2006,4,76,86,Coors Field,2104362,157,813,N,N,N,N,25979.777777777777
DET,DET,Detroit Tigers,162,81,2006,2,95,67,Comerica Park,2595937,203,822,N,Y,Y,N,32048.604938271605
FLO,FLA,Florida Marlins,162,81,2006,4,78,84,Dolphin Stadium,1164134,182,758,N,N,N,N,14372.024691358023
HOU,HOU,Houston Astros,162,81,2006,2,82,80,Minute Maid Park,3022763,174,735,N,N,N,N,37318.06172839506
KCA,KCR,Kansas City Royals,162,81,2006,5,62,100,Kauffman Stadium,1372638,124,757,N,N,N,N,16946.14814814815
LAA,ANA,Los Angeles Angels of Anaheim,162,81,2006,2,89,73,Angel Stadium,3406790,159,766,N,N,N,N,42059.135802469136
LAN,LAD,Los Angeles Dodgers,162,81,2006,2,88,74,Dodger Stadium,3758545,153,820,N,Y,N,N,46401.79012345679
MIL,MIL,Milwaukee Brewers,162,81,2006,4,75,87,Miller Park,2335643,180,730,N,N,N,N,28835.0987654321
MIN,MIN,Minnesota Twins,162,81,2006,1,96,66,Hubert H Humphrey Metrodome,2285018,143,801,Y,N,N,N,28210.0987654321
NYA,NYY,New York Yankees,162,81,2006,1,97,65,Yankee Stadium II,4248067,210,930,Y,N,N,N,52445.27160493827
NYN,NYM,New York Mets,162,81,2006,1,97,65,Shea Stadium,3379535,200,834,Y,N,N,N,41722.654320987655
OAK,OAK,Oakland Athletics,162,81,2006,1,93,69,McAfee Coliseum,1976625,175,771,Y,N,N,N,24402.777777777777
PHI,PHI,Philadelphia Phillies,162,81,2006,2,85,77,Citizens Bank Park,2701815,216,865,N,N,N,N,33355.74074074074
PIT,PIT,Pittsburgh Pirates,162,81,2006,5,67,95,PNC Park,1861549,141,691,N,N,N,N,22982.086419753086
SDN,SDP,San Diego Padres,162,81,2006,1,88,74,Petco Park,2659757,161,731,Y,N,N,N,32836.50617283951
SEA,SEA,Seattle Mariners,162,81,2006,4,78,84,Safeco Field,2481165,172,756,N,N,N,N,30631.666666666668
SFN,SFG,San Francisco Giants,161,81,2006,3,76,85,AT&T Park,3130313,163,746,N,N,N,N,38645.83950617284
SLN,STL,St. Louis Cardinals,161,80,2006,1,83,78,Busch Stadium III,3407104,184,781,Y,N,Y,Y,42588.8
TBA,TBD,Tampa Bay Devil Rays,162,81,2006,5,61,101,Tropicana Field,1368950,190,689,N,N,N,N,16900.617283950618
TEX,TEX,Texas Rangers,162,81,2006,3,80,82,Ameriquest Field,2388757,183,835,N,N,N,N,29490.827160493827
TOR,TOR,Toronto Blue Jays,162,81,2006,2,87,75,Rogers Centre,2302212,199,809,N,N,N,N,28422.37037037037
WAS,WSN,Washington Nationals,162,81,2006,5,71,91,R.F.K. Stadium,2153056,164,746,N,N,N,N,26580.938271604937
ARI,ARI,Arizona Diamondbacks,162,81,2007,1,90,72,Chase Field,2325249,171,712,Y,N,N,N,28706.777777777777
ATL,ATL,Atlanta Braves,162,81,2007,3,84,78,Turner Field,2745207,176,810,N,N,N,N,33891.444444444445
BAL,BAL,Baltimore Orioles,162,81,2007,4,69,93,Oriole Park at Camden Yards,2164822,142,756,N,N,N,N,26726.1975308642
BOS,BOS,Boston Red Sox,162,81,2007,1,96,66,Fenway Park II,2970755,166,867,Y,N,Y,Y,36675.98765432099
CHA,CHW,Chicago White Sox,162,81,2007,4,72,90,U.S. Cellular Field,2684395,190,693,N,N,N,N,33140.67901234568
CHN,CHC,Chicago Cubs,162,81,2007,1,85,77,Wrigley Field,3252462,151,752,Y,N,N,N,40153.851851851854
CIN,CIN,Cincinnati Reds,162,81,2007,5,72,90,Great American Ball Park,2058593,204,783,N,N,N,N,25414.728395061727
CLE,CLE,Cleveland Indians,162,80,2007,1,96,66,Jacobs Field,2275912,178,811,Y,N,N,N,28448.9
COL,COL,Colorado Rockies,163,82,2007,2,90,73,Coors Field,2376250,171,860,N,Y,Y,N,28978.658536585364
DET,DET,Detroit Tigers,162,81,2007,2,88,74,Comerica Park,3047133,177,887,N,N,N,N,37618.92592592593
FLO,FLA,Florida Marlins,162,81,2007,5,71,91,Dolphin Stadium,1370511,201,790,N,N,N,N,16919.88888888889
HOU,HOU,Houston Astros,162,81,2007,4,73,89,Minute Maid Park,3020405,167,723,N,N,N,N,37288.950617283954
KCA,KCR,Kansas City Royals,162,81,2007,5,69,93,Kauffman Stadium,1616867,102,706,N,N,N,N,19961.32098765432
LAA,ANA,Los Angeles Angels of Anaheim,162,81,2007,1,94,68,Angel Stadium,3365632,123,822,Y,N,N,N,41551.01234567901
LAN,LAD,Los Angeles Dodgers,162,81,2007,4,82,80,Dodger Stadium,3857036,129,735,N,N,N,N,47617.72839506173
MIL,MIL,Milwaukee Brewers,162,81,2007,2,83,79,Miller Park,2869144,231,801,N,N,N,N,35421.53086419753
MIN,MIN,Minnesota Twins,162,81,2007,3,79,83,Hubert H Humphrey Metrodome,2296383,118,718,N,N,N,N,28350.40740740741
NYA,NYY,New York Yankees,162,81,2007,2,94,68,Yankee Stadium II,4271083,201,968,N,Y,N,N,52729.41975308642
NYN,NYM,New York Mets,162,81,2007,2,88,74,Shea Stadium,3853955,177,804,N,N,N,N,47579.69135802469
OAK,OAK,Oakland Athletics,162,81,2007,3,76,86,McAfee Coliseum,1921844,171,741,N,N,N,N,23726.46913580247
PHI,PHI,Philadelphia Phillies,162,81,2007,1,89,73,Citizens Bank Park,3108325,213,892,Y,N,N,N,38374.38271604938
PIT,PIT,Pittsburgh Pirates,162,81,2007,6,68,94,PNC Park,1749142,148,724,N,N,N,N,21594.345679012345
SDN,SDP,San Diego Padres,163,81,2007,3,89,74,Petco Park,2790074,171,741,N,N,N,N,34445.358024691355
SEA,SEA,Seattle Mariners,162,82,2007,2,88,74,Safeco Field,2672223,153,794,N,N,N,N,32588.085365853654
SFN,SFG,San Francisco Giants,162,81,2007,5,71,91,AT&T Park,3223215,131,683,N,N,N,N,39792.77777777778
SLN,STL,St. Louis Cardinals,162,81,2007,3,78,84,Busch Stadium III,3552180,141,725,N,N,N,N,43854.07407407407
TBA,TBD,Tampa Bay Devil Rays,162,81,2007,5,66,96,Tropicana Field,1387603,187,782,N,N,N,N,17130.9012345679
TEX,TEX,Texas Rangers,162,81,2007,4,75,87,Rangers Ballpark in Arlington,2353862,179,816,N,N,N,N,29060.024691358023
TOR,TOR,Toronto Blue Jays,162,81,2007,3,83,79,Rogers Centre,2360644,165,753,N,N,N,N,29143.753086419754
WAS,WSN,Washington Nationals,162,81,2007,4,73,89,R.F.K. Stadium,1943812,123,673,N,N,N,N,23997.67901234568
ARI,ARI,Arizona Diamondbacks,162,81,2008,2,82,80,Chase Field,2509924,159,720,N,N,N,N,30986.71604938272
ATL,ATL,Atlanta Braves,162,81,2008,4,72,90,Turner Field,2532834,130,753,N,N,N,N,31269.555555555555
BAL,BAL,Baltimore Orioles,161,81,2008,5,68,93,Oriole Park at Camden Yards,1950075,172,782,N,N,N,N,24075.0
BOS,BOS,Boston Red Sox,162,81,2008,2,95,67,Fenway Park II,3048250,173,845,N,Y,N,N,37632.71604938272
CHA,CHW,Chicago White Sox,163,82,2008,1,89,74,U.S. Cellular Field,2500648,235,811,Y,N,N,N,30495.70731707317
CHN,CHC,Chicago Cubs,161,81,2008,1,97,64,Wrigley Field,3300200,184,855,Y,N,N,N,40743.20987654321
CIN,CIN,Cincinnati Reds,162,81,2008,5,74,88,Great American Ball Park,2058632,187,704,N,N,N,N,25415.20987654321
CLE,CLE,Cleveland Indians,162,81,2008,3,81,81,Jacobs Field,2169760,171,805,N,N,N,N,26787.16049382716
COL,COL,Colorado Rockies,162,81,2008,3,74,88,Coors Field,2650218,160,747,N,N,N,N,32718.74074074074
DET,DET,Detroit Tigers,162,81,2008,5,74,88,Comerica Park,3202645,200,821,N,N,N,N,39538.82716049383
FLO,FLA,Florida Marlins,161,81,2008,3,84,77,Dolphin Stadium,1335076,208,770,N,N,N,N,16482.41975308642
HOU,HOU,Houston Astros,161,80,2008,3,86,75,Minute Maid Park,2779487,167,712,N,N,N,N,34743.5875
KCA,KCR,Kansas City Royals,162,81,2008,4,75,87,Kauffman Stadium,1578922,120,691,N,N,N,N,19492.864197530864
LAA,ANA,Los Angeles Angels of Anaheim,162,81,2008,1,100,62,Angel Stadium,3336747,159,765,Y,N,N,N,41194.40740740741
LAN,LAD,Los Angeles Dodgers,162,81,2008,1,84,78,Dodger Stadium,3730553,137,700,Y,N,N,N,46056.20987654321
MIL,MIL,Milwaukee Brewers,162,81,2008,2,90,72,Miller Park,3068458,198,750,N,Y,N,N,37882.1975308642
MIN,MIN,Minnesota Twins,163,81,2008,2,88,75,Hubert H Humphrey Metrodome,2302431,111,829,N,N,N,N,28425.074074074077
NYA,NYY,New York Yankees,162,81,2008,3,89,73,Yankee Stadium II,4298655,180,789,N,N,N,N,53069.81481481482
NYN,NYM,New York Mets,162,81,2008,2,89,73,Shea Stadium,4042045,172,799,N,N,N,N,49901.79012345679
OAK,OAK,Oakland Athletics,161,81,2008,3,75,86,McAfee Coliseum,1665256,125,646,N,N,N,N,20558.71604938272
PHI,PHI,Philadelphia Phillies,162,81,2008,1,92,70,Citizens Bank Park,3422583,214,799,Y,N,Y,Y,42254.11111111111
PIT,PIT,Pittsburgh Pirates,162,81,2008,6,67,95,PNC Park,1609076,153,735,N,N,N,N,19865.135802469136
SDN,SDP,San Diego Padres,162,81,2008,5,63,99,Petco Park,2427535,154,637,N,N,N,N,29969.567901234568
SEA,SEA,Seattle Mariners,162,81,2008,4,61,101,Safeco Field,2329702,124,671,N,N,N,N,28761.753086419754
SFN,SFG,San Francisco Giants,162,81,2008,4,72,90,AT&T Park,2863837,94,640,N,N,N,N,35356.01234567901
SLN,STL,St. Louis Cardinals,162,81,2008,4,86,76,Busch Stadium III,3432917,174,779,N,N,N,N,42381.69135802469
TBA,TBD,Tampa Bay Rays,162,81,2008,1,97,65,Tropicana Field,1811986,180,774,Y,N,Y,N,22370.1975308642
TEX,TEX,Texas Rangers,162,81,2008,2,79,83,Rangers Ballpark in Arlington,1945677,194,901,N,N,N,N,24020.703703703704
TOR,TOR,Toronto Blue Jays,162,81,2008,4,86,76,Rogers Centre,2399786,126,714,N,N,N,N,29626.987654320987
WAS,WSN,Washington Nationals,161,80,2008,5,59,102,Nationals Park,2320400,117,641,N,N,N,N,29005.0
ARI,ARI,Arizona Diamondbacks,162,81,2009,5,70,92,Chase Field,2128765,173,720,N,N,N,N,26281.04938271605
ATL,ATL,Atlanta Braves,162,81,2009,3,86,76,Turner Field,2373631,149,735,N,N,N,N,29304.086419753086
BAL,BAL,Baltimore Orioles,162,81,2009,5,64,98,Oriole Park at Camden Yards,1907163,160,741,N,N,N,N,23545.222222222223
BOS,BOS,Boston Red Sox,162,81,2009,2,95,67,Fenway Park II,3062699,212,872,N,Y,N,N,37811.0987654321
CHA,CHW,Chicago White Sox,162,81,2009,3,79,83,U.S. Cellular Field,2284163,184,724,N,N,N,N,28199.543209876545
CHN,CHC,Chicago Cubs,161,80,2009,2,83,78,Wrigley Field,3168859,161,707,N,N,N,N,39610.7375
CIN,CIN,Cincinnati Reds,162,81,2009,4,78,84,Great American Ball Park,1747919,158,673,N,N,N,N,21579.24691358025
CLE,CLE,Cleveland Indians,162,81,2009,4,65,97,Jacobs Field,1766242,161,773,N,N,N,N,21805.45679012345
COL,COL,Colorado Rockies,162,81,2009,2,92,70,Coors Field,2665080,190,804,N,Y,N,N,32902.22222222222
DET,DET,Detroit Tigers,163,81,2009,2,86,77,Comerica Park,2567165,183,743,N,N,N,N,31693.395061728395
FLO,FLA,Florida Marlins,162,81,2009,2,87,75,Dolphin Stadium,1464109,159,772,N,N,N,N,18075.41975308642
HOU,HOU,Houston Astros,162,81,2009,5,74,88,Minute Maid Park,2521076,142,643,N,N,N,N,31124.395061728395
KCA,KCR,Kansas City Royals,162,81,2009,4,65,97,Kauffman Stadium,1797891,144,686,N,N,N,N,22196.185185185182
LAA,ANA,Los Angeles Angels of Anaheim,162,81,2009,1,97,65,Angel Stadium,3240386,173,883,Y,N,N,N,40004.76543209877
LAN,LAD,Los Angeles Dodgers,162,81,2009,1,95,67,Dodger Stadium,3761655,145,780,Y,N,N,N,46440.18518518518
MIL,MIL,Milwaukee Brewers,162,81,2009,3,80,82,Miller Park,3037451,182,785,N,N,N,N,37499.39506172839
MIN,MIN,Minnesota Twins,163,82,2009,1,87,76,Hubert H Humphrey Metrodome,2416237,172,817,Y,N,N,N,29466.30487804878
NYA,NYY,New York Yankees,162,81,2009,1,103,59,Yankee Stadium III,3719358,244,915,Y,N,Y,Y,45918.0
NYN,NYM,New York Mets,162,81,2009,4,70,92,Citi Field,3168571,95,671,N,N,N,N,39118.16049382716
OAK,OAK,Oakland Athletics,162,81,2009,4,75,87,Oakland-Alameda County Coliseum,1408783,135,759,N,N,N,N,17392.382716049382
PHI,PHI,Philadelphia Phillies,162,81,2009,1,93,69,Citizens Bank Park,3600693,224,820,Y,N,Y,N,44453.0
PIT,PIT,Pittsburgh Pirates,161,81,2009,6,62,99,PNC Park,1577853,125,636,N,N,N,N,19479.666666666668
SDN,SDP,San Diego Padres,162,81,2009,4,75,87,Petco Park,1919603,141,638,N,N,N,N,23698.802469135804
SEA,SEA,Seattle Mariners,162,81,2009,3,85,77,Safeco Field,2195533,160,640,N,N,N,N,27105.345679012345
SFN,SFG,San Francisco Giants,162,81,2009,3,88,74,AT&T Park,2862110,122,657,N,N,N,N,35334.69135802469
SLN,STL,St. Louis Cardinals,162,81,2009,1,91,71,Busch Stadium III,3343252,160,730,Y,N,N,N,41274.71604938272
TBA,TBD,Tampa Bay Rays,162,81,2009,3,84,78,Tropicana Field,1874962,199,803,N,N,N,N,23147.67901234568
TEX,TEX,Texas Rangers,162,81,2009,2,87,75,Rangers Ballpark in Arlington,2156016,224,784,N,N,N,N,26617.48148148148
TOR,TOR,Toronto Blue Jays,162,81,2009,4,75,87,Rogers Centre,1876129,209,798,N,N,N,N,23162.086419753086
WAS,WSN,Washington Nationals,162,81,2009,5,59,103,Nationals Park,1817226,156,710,N,N,N,N,22434.88888888889
ARI,ARI,Arizona Diamondbacks,162,81,2010,5,65,97,Chase Field,2056941,180,713,N,N,N,N,25394.33333333333
ATL,ATL,Atlanta Braves,162,81,2010,2,91,71,Turner Field,2510119,139,738,N,Y,N,N,30989.123456790123
BAL,BAL,Baltimore Orioles,162,81,2010,5,66,96,Oriole Park at Camden Yards,1733018,133,613,N,N,N,N,21395.28395061728
BOS,BOS,Boston Red Sox,162,81,2010,3,89,73,Fenway Park II,3046443,211,818,N,N,N,N,37610.40740740741
CHA,CHW,Chicago White Sox,162,81,2010,2,88,74,U.S. Cellular Field,2194378,177,752,N,N,N,N,27091.086419753086
CHN,CHC,Chicago Cubs,162,81,2010,5,75,87,Wrigley Field,3062973,149,685,N,N,N,N,37814.48148148148
CIN,CIN,Cincinnati Reds,162,81,2010,1,91,71,Great American Ball Park,2060550,188,790,Y,N,N,N,25438.88888888889
CLE,CLE,Cleveland Indians,162,81,2010,4,69,93,Jacobs Field,1394812,128,646,N,N,N,N,17219.9012345679
COL,COL,Colorado Rockies,162,81,2010,3,83,79,Coors Field,2875245,173,770,N,N,N,N,35496.851851851854
DET,DET,Detroit Tigers,162,81,2010,3,81,81,Comerica Park,2461237,152,751,N,N,N,N,30385.64197530864
FLO,FLA,Florida Marlins,162,81,2010,3,80,82,Dolphin Stadium,1535226,152,719,N,N,N,N,18953.40740740741
HOU,HOU,Houston Astros,162,81,2010,4,76,86,Minute Maid Park,2331490,108,611,N,N,N,N,28783.827160493827
KCA,KCR,Kansas City Royals,162,81,2010,5,67,95,Kauffman Stadium,1615324,121,676,N,N,N,N,19942.271604938276
LAA,ANA,Los Angeles Angels of Anaheim,162,81,2010,3,80,82,Angel Stadium,3250816,155,681,N,N,N,N,40133.53086419753
LAN,LAD,Los Angeles Dodgers,162,81,2010,4,80,82,Dodger Stadium,3562320,120,667,N,N,N,N,43979.25925925926
MIL,MIL,Milwaukee Brewers,162,81,2010,3,77,85,Miller Park,2776531,182,750,N,N,N,N,34278.16049382716
MIN,MIN,Minnesota Twins,162,81,2010,1,94,68,Target Field,3223640,142,781,Y,N,N,N,39798.02469135803
NYA,NYY,New York Yankees,162,81,2010,2,95,67,Yankee Stadium III,3765807,201,859,N,Y,N,N,46491.444444444445
NYN,NYM,New York Mets,162,81,2010,4,79,83,Citi Field,2559738,128,656,N,N,N,N,31601.703703703704
OAK,OAK,Oakland Athletics,162,81,2010,2,81,81,Oakland-Alameda County Coliseum,1418391,109,663,N,N,N,N,17511.0
PHI,PHI,Philadelphia Phillies,162,84,2010,1,97,65,Citizens Bank Park,3647249,166,772,Y,N,N,N,43419.63095238096
PIT,PIT,Pittsburgh Pirates,162,81,2010,6,57,105,PNC Park,1613399,126,587,N,N,N,N,19918.506172839505
SDN,SDP,San Diego Padres,162,81,2010,2,90,72,Petco Park,2131774,132,665,N,N,N,N,26318.1975308642
SEA,SEA,Seattle Mariners,162,81,2010,4,61,101,Safeco Field,2085488,101,513,N,N,N,N,25746.765432098764
SFN,SFG,San Francisco Giants,162,81,2010,1,92,70,AT&T Park,3037443,162,697,Y,N,Y,Y,37499.2962962963
SLN,STL,St. Louis Cardinals,162,81,2010,2,86,76,Busch Stadium III,3301218,150,736,N,N,N,N,40755.77777777778
TBA,TBD,Tampa Bay Rays,162,81,2010,1,96,66,Tropicana Field,1843445,160,802,Y,N,N,N,22758.58024691358
TEX,TEX,Texas Rangers,162,81,2010,1,90,72,Rangers Ballpark in Arlington,2505171,162,787,Y,N,Y,N,30928.03703703704
TOR,TOR,Toronto Blue Jays,162,78,2010,4,85,77,Rogers Centre,1625555,257,755,N,N,N,N,20840.44871794872
WAS,WSN,Washington Nationals,162,81,2010,5,69,93,Nationals Park,1828066,149,655,N,N,N,N,22568.71604938272
ARI,ARI,Arizona Diamondbacks,162,81,2011,1,94,68,Chase Field,2105432,172,731,Y,N,N,N,25992.987654320987
ATL,ATL,Atlanta Braves,162,81,2011,2,89,73,Turner Field,2372940,173,641,N,N,N,N,29295.555555555555
BAL,BAL,Baltimore Orioles,162,81,2011,5,69,93,Oriole Park at Camden Yards,1755461,191,708,N,N,N,N,21672.35802469136
BOS,BOS,Boston Red Sox,162,81,2011,3,90,72,Fenway Park II,3054001,203,875,N,N,N,N,37703.71604938272
CHA,CHW,Chicago White Sox,162,81,2011,3,79,83,U.S. Cellular Field,2001117,154,654,N,N,N,N,24705.14814814815
CHN,CHC,Chicago Cubs,162,81,2011,5,71,91,Wrigley Field,3017966,148,654,N,N,N,N,37258.83950617284
CIN,CIN,Cincinnati Reds,162,81,2011,3,79,83,Great American Ball Park,2213588,183,735,N,N,N,N,27328.24691358025
CLE,CLE,Cleveland Indians,162,81,2011,2,80,82,Jacobs Field,1840835,154,704,N,N,N,N,22726.35802469136
COL,COL,Colorado Rockies,162,81,2011,4,73,89,Coors Field,2909777,163,735,N,N,N,N,35923.17283950617
DET,DET,Detroit Tigers,162,81,2011,1,95,67,Comerica Park,2642045,169,787,Y,N,N,N,32617.83950617284
FLO,FLA,Florida Marlins,162,78,2011,5,72,90,Sun Life Stadium,1477462,149,625,N,N,N,N,18941.82051282051
HOU,HOU,Houston Astros,162,81,2011,6,56,106,Minute Maid Park,2067016,95,615,N,N,N,N,25518.71604938272
KCA,KCR,Kansas City Royals,162,81,2011,4,71,91,Kauffman Stadium,1724450,129,730,N,N,N,N,21289.506172839505
LAA,ANA,Los Angeles Angels of Anaheim,162,81,2011,2,86,76,Angel Stadium,3166321,155,667,N,N,N,N,39090.38271604938
LAN,LAD,Los Angeles Dodgers,161,81,2011,3,82,79,Dodger Stadium,2935139,117,644,N,N,N,N,36236.28395061728
MIL,MIL,Milwaukee Brewers,162,81,2011,1,96,66,Miller Park,3071373,185,721,Y,N,N,N,37918.18518518518
MIN,MIN,Minnesota Twins,162,81,2011,5,63,99,Target Field,3168116,103,619,N,N,N,N,39112.54320987655
NYA,NYY,New York Yankees,162,81,2011,1,97,65,Yankee Stadium III,3653680,222,867,Y,N,N,N,45107.16049382716
NYN,NYM,New York Mets,162,81,2011,4,77,85,Citi Field,2352596,108,718,N,N,N,N,29044.395061728395
OAK,OAK,Oakland Athletics,162,81,2011,3,74,88,Oakland-Alameda County Coliseum,1476791,114,645,N,N,N,N,18231.987654320987
PHI,PHI,Philadelphia Phillies,162,81,2011,1,102,60,Citizens Bank Park,3680718,153,713,Y,N,N,N,45440.96296296296
PIT,PIT,Pittsburgh Pirates,162,81,2011,4,72,90,PNC Park,1940429,107,610,N,N,N,N,23955.913580246917
SDN,SDP,San Diego Padres,162,81,2011,5,71,91,Petco Park,2143018,91,593,N,N,N,N,26457.012345679013
SEA,SEA,Seattle Mariners,162,84,2011,4,67,95,Safeco Field,1939421,109,556,N,N,N,N,23088.34523809524
SFN,SFG,San Francisco Giants,162,81,2011,2,86,76,AT&T Park,3387303,121,570,N,N,N,N,41818.55555555556
SLN,STL,St. Louis Cardinals,162,81,2011,2,90,72,Busch Stadium III,3093954,162,762,N,Y,Y,Y,38196.96296296296
TBA,TBD,Tampa Bay Rays,162,81,2011,2,91,71,Tropicana Field,1529188,172,707,N,Y,N,N,18878.864197530864
TEX,TEX,Texas Rangers,162,81,2011,1,96,66,Rangers Ballpark in Arlington,2946949,210,855,Y,N,Y,N,36382.08641975309
TOR,TOR,Toronto Blue Jays,162,81,2011,4,81,81,Rogers Centre,1818103,186,743,N,N,N,N,22445.71604938272
WAS,WSN,Washington Nationals,161,80,2011,3,80,81,Nationals Park,1940478,154,624,N,N,N,N,24255.975
ARI,ARI,Arizona Diamondbacks,162,81,2012,3,81,81,Chase Field,2177617,165,734,N,N,N,N,26884.16049382716
ATL,ATL,Atlanta Braves,162,81,2012,2,94,68,Turner Field,2420171,149,700,N,Y,N,N,29878.65432098765
BAL,BAL,Baltimore Orioles,162,81,2012,2,93,69,Oriole Park at Camden Yards,2102240,214,712,N,Y,N,N,25953.58024691358
BOS,BOS,Boston Red Sox,162,81,2012,5,69,93,Fenway Park II,3043003,165,734,N,N,N,N,37567.93827160494
CHA,CHW,Chicago White Sox,162,81,2012,2,85,77,U.S. Cellular Field,1965955,211,748,N,N,N,N,24271.04938271605
CHN,CHC,Chicago Cubs,162,81,2012,5,61,101,Wrigley Field,2882756,137,613,N,N,N,N,35589.58024691358
CIN,CIN,Cincinnati Reds,162,81,2012,1,97,65,Great American Ball Park,2347251,172,669,Y,N,N,N,28978.40740740741
CLE,CLE,Cleveland Indians,162,81,2012,4,68,94,Progressive Field,1603596,136,667,N,N,N,N,19797.48148148148
COL,COL,Colorado Rockies,162,81,2012,5,64,98,Coors Field,2630458,166,758,N,N,N,N,32474.79012345679
DET,DET,Detroit Tigers,162,81,2012,1,88,74,Comerica Park,3028033,163,726,Y,N,Y,N,37383.12345679013
HOU,HOU,Houston Astros,162,81,2012,6,55,107,Minute Maid Park,1607733,146,583,N,N,N,N,19848.555555555555
KCA,KCR,Kansas City Royals,162,81,2012,3,72,90,Kauffman Stadium,1739859,131,676,N,N,N,N,21479.74074074074
LAA,ANA,Los Angeles Angels of Anaheim,162,81,2012,3,89,73,Angel Stadium of Anaheim,3061770,187,767,N,N,N,N,37799.62962962963
LAN,LAD,Los Angeles Dodgers,162,81,2012,2,86,76,Dodger Stadium,3324246,116,637,N,N,N,N,41040.07407407407
MIA,FLA,Miami Marlins,162,81,2012,5,69,93,Marlins Park,2219444,137,609,N,N,N,N,27400.543209876545
MIL,MIL,Milwaukee Brewers,162,81,2012,3,83,79,Miller Park,2831385,202,776,N,N,N,N,34955.37037037037
MIN,MIN,Minnesota Twins,162,81,2012,5,66,96,Target Field,2776354,131,701,N,N,N,N,34275.97530864197
NYA,NYY,New York Yankees,162,81,2012,1,95,67,Yankee Stadium III,3542406,245,804,Y,N,N,N,43733.40740740741
NYN,NYM,New York Mets,162,81,2012,4,74,88,Citi Field,2242803,139,650,N,N,N,N,27688.925925925927
OAK,OAK,Oakland Athletics,162,81,2012,1,94,68,O.co Coliseum,1679013,195,713,Y,N,N,N,20728.555555555555
PHI,PHI,Philadelphia Phillies,162,81,2012,3,81,81,Citizens Bank Park,3565718,158,684,N,N,N,N,44021.20987654321
PIT,PIT,Pittsburgh Pirates,162,81,2012,4,79,83,PNC Park,2091918,170,651,N,N,N,N,25826.14814814815
SDN,SDP,San Diego Padres,162,81,2012,4,76,86,Petco Park,2123721,121,651,N,N,N,N,26218.777777777777
SEA,SEA,Seattle Mariners,162,81,2012,4,75,87,Safeco Field,1721920,149,619,N,N,N,N,21258.271604938276
SFN,SFG,San Francisco Giants,162,81,2012,1,94,68,AT&T Park,3377371,103,718,Y,N,Y,Y,41695.93827160494
SLN,STL,St. Louis Cardinals,162,81,2012,2,88,74,Busch Stadium III,3262109,159,765,N,Y,N,N,40272.950617283954
TBA,TBD,Tampa Bay Rays,162,81,2012,3,90,72,Tropicana Field,1559681,175,697,N,N,N,N,19255.32098765432
TEX,TEX,Texas Rangers,162,81,2012,2,93,69,Rangers Ballpark in Arlington,3460280,200,808,N,Y,N,N,42719.50617283951
TOR,TOR,Toronto Blue Jays,162,81,2012,4,73,89,Rogers Centre,2099663,198,716,N,N,N,N,25921.765432098764
WAS,WSN,Washington Nationals,162,81,2012,1,98,64,Nationals Park,2370794,194,731,Y,N,N,N,29269.061728395063
ARI,ARI,Arizona Diamondbacks,162,81,2013,2,81,81,Chase Field,2134795,130,685,N,N,N,N,26355.49382716049
ATL,ATL,Atlanta Braves,162,81,2013,1,96,66,Turner Field,2548679,181,688,Y,N,N,N,31465.172839506173
BAL,BAL,Baltimore Orioles,162,81,2013,3,85,77,Oriole Park at Camden Yards,2357561,212,745,N,N,N,N,29105.69135802469
BOS,BOS,Boston Red Sox,162,81,2013,1,97,65,Fenway Park II,2833333,178,853,Y,N,Y,Y,34979.41975308642
CHA,CHW,Chicago White Sox,162,81,2013,5,63,99,U.S. Cellular Field,1768413,148,598,N,N,N,N,21832.25925925926
CHN,CHC,Chicago Cubs,162,81,2013,5,66,96,Wrigley Field,2642682,172,602,N,N,N,N,32625.703703703704
CIN,CIN,Cincinnati Reds,162,80,2013,3,90,72,Great American Ball Park,2534369,155,698,N,Y,N,N,31679.6125
CLE,CLE,Cleveland Indians,162,81,2013,2,92,70,Progressive Field,1572926,171,745,N,Y,N,N,19418.83950617284
COL,COL,Colorado Rockies,162,81,2013,5,74,88,Coors Field,2793828,159,706,N,N,N,N,34491.7037037037
DET,DET,Detroit Tigers,162,81,2013,1,93,69,Comerica Park,3083397,176,796,Y,N,N,N,38066.62962962963
HOU,HOU,Houston Astros,162,81,2013,5,51,111,Minute Maid Park,1651883,148,610,N,N,N,N,20393.617283950614
KCA,KCR,Kansas City Royals,162,81,2013,3,86,76,Kauffman Stadium,1750754,112,648,N,N,N,N,21614.24691358025
LAA,ANA,Los Angeles Angels of Anaheim,162,81,2013,3,78,84,Angel Stadium of Anaheim,3019505,164,733,N,N,N,N,37277.83950617284
LAN,LAD,Los Angeles Dodgers,162,81,2013,1,92,70,Dodger Stadium,3743527,138,649,Y,N,N,N,46216.38271604938
MIA,FLA,Miami Marlins,162,81,2013,5,62,100,Marlins Park,1586322,95,513,N,N,N,N,19584.222222222223
MIL,MIL,Milwaukee Brewers,162,81,2013,4,74,88,Miller Park,2531105,157,640,N,N,N,N,31248.20987654321
MIN,MIN,Minnesota Twins,162,81,2013,4,66,96,Target Field,2477644,151,614,N,N,N,N,30588.1975308642
NYA,NYY,New York Yankees,162,81,2013,4,85,77,Yankee Stadium III,3279589,144,650,N,N,N,N,40488.75308641976
NYN,NYM,New York Mets,162,81,2013,4,74,88,Citi Field,2135657,130,619,N,N,N,N,26366.135802469136
OAK,OAK,Oakland Athletics,162,81,2013,1,96,66,O.co Coliseum,1809302,186,767,Y,N,N,N,22337.061728395063
PHI,PHI,Philadelphia Phillies,162,81,2013,4,73,89,Citizens Bank Park,3012403,140,610,N,N,N,N,37190.16049382716
PIT,PIT,Pittsburgh Pirates,162,81,2013,2,94,68,PNC Park,2256862,161,634,N,Y,N,N,27862.49382716049
SDN,SDP,San Diego Padres,162,81,2013,3,76,86,Petco Park,2166691,146,618,N,N,N,N,26749.271604938276
SEA,SEA,Seattle Mariners,162,81,2013,4,71,91,Safeco Field,1761546,188,624,N,N,N,N,21747.48148148148
SFN,SFG,San Francisco Giants,162,82,2013,4,76,86,AT&T Park,3326796,107,629,N,N,N,N,40570.68292682927
SLN,STL,St. Louis Cardinals,162,81,2013,1,97,65,Busch Stadium III,3369769,125,783,Y,N,Y,N,41602.08641975309
TBA,TBD,Tampa Bay Rays,163,81,2013,2,92,71,Tropicana Field,1510300,165,700,N,Y,N,N,18645.67901234568
TEX,TEX,Texas Rangers,163,82,2013,2,91,72,Rangers Ballpark in Arlington,3178273,176,730,N,N,N,N,38759.42682926829
TOR,TOR,Toronto Blue Jays,162,81,2013,5,74,88,Rogers Centre,2536562,185,712,N,N,N,N,31315.58024691358
WAS,WSN,Washington Nationals,162,81,2013,2,86,76,Nationals Park,2652422,161,656,N,N,N,N,32745.95061728395
ARI,ARI,Arizona Diamondbacks,162,81,2014,5,64,98,Chase Field,2073730,118,615,N,N,N,N,25601.604938271605
ATL,ATL,Atlanta Braves,162,81,2014,2,79,83,Turner Field,2354305,123,573,N,N,N,N,29065.49382716049
BAL,BAL,Baltimore Orioles,162,81,2014,1,96,66,Oriole Park at Camden Yards,2464473,211,705,Y,N,N,N,30425.59259259259
BOS,BOS,Boston Red Sox,162,81,2014,5,71,91,Fenway Park II,2956089,123,634,N,N,N,N,36494.92592592593
CHA,CHW,Chicago White Sox,162,81,2014,4,73,89,U.S. Cellular Field,1650821,155,660,N,N,N,N,20380.506172839505
CHN,CHC,Chicago Cubs,162,81,2014,5,73,89,Wrigley Field,2652113,157,614,N,N,N,N,32742.135802469136
CIN,CIN,Cincinnati Reds,162,81,2014,4,76,86,Great American Ball Park,2476664,131,595,N,N,N,N,30576.0987654321
CLE,CLE,Cleveland Indians,162,81,2014,3,85,77,Progressive Field,1437393,142,669,N,N,N,N,17745.59259259259
COL,COL,Colorado Rockies,162,81,2014,4,66,96,Coors Field,2680329,186,755,N,N,N,N,33090.48148148148
DET,DET,Detroit Tigers,162,81,2014,1,90,72,Comerica Park,2917209,155,757,Y,N,N,N,36014.92592592593
HOU,HOU,Houston Astros,162,81,2014,4,70,92,Minute Maid Park,1751829,163,629,N,N,N,N,21627.51851851852
KCA,KCR,Kansas City Royals,162,81,2014,2,89,73,Kauffman Stadium,1956482,95,651,N,Y,Y,N,24154.0987654321
LAA,ANA,Los Angeles Angels of Anaheim,162,81,2014,1,98,64,Angel Stadium of Anaheim,3095935,155,773,Y,N,N,N,38221.41975308642
LAN,LAD,Los Angeles Dodgers,162,81,2014,1,94,68,Dodger Stadium,3782337,134,718,Y,N,N,N,46695.51851851852
MIA,FLA,Miami Marlins,162,81,2014,4,77,85,Marlins Park,1732283,122,645,N,N,N,N,21386.20987654321
MIL,MIL,Milwaukee Brewers,162,81,2014,3,82,80,Miller Park,2797384,150,650,N,N,N,N,34535.60493827161
MIN,MIN,Minnesota Twins,162,81,2014,5,70,92,Target Field,2250606,128,715,N,N,N,N,27785.25925925926
NYA,NYY,New York Yankees,162,81,2014,2,84,78,Yankee Stadium III,3401624,147,633,N,N,N,N,41995.35802469136
NYN,NYM,New York Mets,162,81,2014,3,79,83,Citi Field,2148808,125,629,N,N,N,N,26528.49382716049
OAK,OAK,Oakland Athletics,162,81,2014,2,88,74,O.co Coliseum,2003628,146,729,N,Y,N,N,24736.14814814815
PHI,PHI,Philadelphia Phillies,162,81,2014,5,73,89,Citizens Bank Park,2423852,125,619,N,N,N,N,29924.0987654321
PIT,PIT,Pittsburgh Pirates,162,81,2014,2,88,74,PNC Park,2442564,156,682,N,Y,N,N,30155.11111111111
SDN,SDP,San Diego Padres,162,81,2014,3,77,85,Petco Park,2195373,109,535,N,N,N,N,27103.37037037037
SEA,SEA,Seattle Mariners,162,81,2014,3,87,75,Safeco Field,2064334,136,634,N,N,N,N,25485.604938271605
SFN,SFG,San Francisco Giants,162,81,2014,2,88,74,AT&T Park,3368697,132,665,N,Y,Y,Y,41588.851851851854
SLN,STL,St. Louis Cardinals,162,81,2014,1,90,72,Busch Stadium III,3540649,105,619,Y,N,N,N,43711.71604938272
TBA,TBD,Tampa Bay Rays,162,81,2014,4,77,85,Tropicana Field,1446464,117,612,N,N,N,N,17857.58024691358
TEX,TEX,Texas Rangers,162,81,2014,5,67,95,Rangers Ballpark in Arlington,2718733,111,637,N,N,N,N,33564.60493827161
TOR,TOR,Toronto Blue Jays,162,81,2014,3,83,79,Rogers Centre,2375525,177,723,N,N,N,N,29327.46913580247
WAS,WSN,Washington Nationals,162,81,2014,1,96,66,Nationals Park,2579389,152,686,Y,N,N,N,31844.30864197531
ARI,ARI,Arizona Diamondbacks,162,81,2015,3,79,83,Chase Field,2080145,154,720,N,N,N,N,25680.802469135804
ATL,ATL,Atlanta Braves,162,81,2015,4,67,95,Turner Field,2001392,100,573,N,N,N,N,24708.543209876545
BAL,BAL,Baltimore Orioles,162,78,2015,3,81,81,Oriole Park at Camden Yards,2281202,217,713,N,N,N,N,29246.17948717949
BOS,BOS,Boston Red Sox,162,81,2015,5,78,84,Fenway Park II,2880694,161,748,N,N,N,N,35564.12345679013
CHA,CHW,Chicago White Sox,162,81,2015,4,76,86,U.S. Cellular Field,1755810,136,622,N,N,N,N,21676.666666666668
CHN,CHC,Chicago Cubs,162,81,2015,3,97,65,Wrigley Field,2919122,171,689,N,Y,N,N,36038.54320987655
CIN,CIN,Cincinnati Reds,162,81,2015,5,64,98,Great American Ball Park,2419506,167,640,N,N,N,N,29870.444444444445
CLE,CLE,Cleveland Indians,161,80,2015,3,81,80,Progressive Field,1388905,141,669,N,N,N,N,17361.3125
COL,COL,Colorado Rockies,162,81,2015,5,68,94,Coors Field,2506789,186,737,N,N,N,N,30948.012345679013
DET,DET,Detroit Tigers,161,81,2015,5,74,87,Comerica Park,2726048,151,689,N,N,N,N,33654.91358024691
HOU,HOU,Houston Astros,162,81,2015,2,86,76,Minute Maid Park,2153585,230,729,N,Y,N,N,26587.46913580247
KCA,KCR,Kansas City Royals,162,81,2015,1,95,67,Kauffman Stadium,2708549,139,724,Y,N,Y,Y,33438.87654320987
LAA,ANA,Los Angeles Angels of Anaheim,162,81,2015,3,85,77,Angel Stadium of Anaheim,3012765,176,661,N,N,N,N,37194.62962962963
LAN,LAD,Los Angeles Dodgers,162,81,2015,1,92,70,Dodger Stadium,3764815,187,667,Y,N,N,N,46479.1975308642
MIA,FLA,Miami Marlins,162,81,2015,3,71,91,Marlins Park,1752235,120,613,N,N,N,N,21632.53086419753
MIL,MIL,Milwaukee Brewers,162,81,2015,4,68,94,Miller Park,2542558,145,655,N,N,N,N,31389.604938271605
MIN,MIN,Minnesota Twins,162,81,2015,2,83,79,Target Field,2220054,156,696,N,N,N,N,27408.074074074077
NYA,NYY,New York Yankees,162,81,2015,2,87,75,Yankee Stadium III,3193795,212,764,N,Y,N,N,39429.56790123456
NYN,NYM,New York Mets,162,81,2015,1,90,72,Citi Field,2569753,177,683,Y,N,Y,N,31725.345679012345
OAK,OAK,Oakland Athletics,162,81,2015,5,68,94,O.co Coliseum,1768175,146,694,N,N,N,N,21829.32098765432
PHI,PHI,Philadelphia Phillies,162,81,2015,5,63,99,Citizens Bank Park,1831080,130,626,N,N,N,N,22605.925925925927
PIT,PIT,Pittsburgh Pirates,162,81,2015,2,98,64,PNC Park,2498596,140,697,N,Y,N,N,30846.864197530864
SDN,SDP,San Diego Padres,162,81,2015,4,74,88,Petco Park,2459742,148,650,N,N,N,N,30367.185185185182
SEA,SEA,Seattle Mariners,162,81,2015,4,76,86,Safeco Field,2193581,198,656,N,N,N,N,27081.24691358025
SFN,SFG,San Francisco Giants,162,81,2015,2,84,78,AT&T Park,3375882,136,696,N,N,N,N,41677.55555555556
SLN,STL,St. Louis Cardinals,162,81,2015,1,100,62,Busch Stadium III,3520889,137,647,Y,N,N,N,43467.76543209877
TBA,TBD,Tampa Bay Rays,162,84,2015,4,80,82,Tropicana Field,1287054,167,644,N,N,N,N,15322.07142857143
TEX,TEX,Texas Rangers,162,81,2015,1,88,74,Rangers Ballpark in Arlington,2491875,172,751,Y,N,N,N,30763.88888888889
TOR,TOR,Toronto Blue Jays,162,81,2015,1,93,69,Rogers Centre,2794891,232,891,Y,N,N,N,34504.82716049383
WAS,WSN,Washington Nationals,162,81,2015,2,83,79,Nationals Park,2619843,177,703,N,N,N,N,32343.74074074074
ARI,ARI,Arizona Diamondbacks,162,81,2016,4,69,93,Chase Field,2036216,190,752,N,N,N,N,25138.46913580247
ATL,ATL,Atlanta Braves,161,81,2016,5,68,93,Turner Field,2020914,122,649,N,N,N,N,24949.555555555555
BAL,BAL,Baltimore Orioles,162,81,2016,2,89,73,Oriole Park at Camden Yards,2172344,253,744,N,Y,N,N,26819.061728395063
BOS,BOS,Boston Red Sox,162,81,2016,1,93,69,Fenway Park II,2955434,208,878,Y,N,N,N,36486.83950617284
CHA,CHW,Chicago White Sox,162,81,2016,4,78,84,U.S. Cellular Field,1746293,168,686,N,N,N,N,21559.172839506173
CHN,CHC,Chicago Cubs,162,81,2016,1,103,58,Wrigley Field,3232420,199,808,Y,N,Y,Y,39906.41975308642
CIN,CIN,Cincinnati Reds,162,81,2016,5,68,94,Great American Ball Park,1894085,164,716,N,N,N,N,23383.765432098764
CLE,CLE,Cleveland Indians,161,80,2016,1,94,67,Progressive Field,1591667,185,777,Y,N,Y,N,19895.8375
COL,COL,Colorado Rockies,162,81,2016,3,75,87,Coors Field,2602524,204,845,N,N,N,N,32129.925925925927
DET,DET,Detroit Tigers,161,81,2016,2,86,75,Comerica Park,2493859,211,750,N,N,N,N,30788.382716049386
HOU,HOU,Houston Astros,162,81,2016,3,84,78,Minute Maid Park,2306623,198,724,N,N,N,N,28476.827160493827
KCA,KCR,Kansas City Royals,162,81,2016,3,81,81,Kauffman Stadium,2557712,147,675,N,N,N,N,31576.69135802469
LAA,ANA,Los Angeles Angels of Anaheim,162,81,2016,4,74,88,Angel Stadium of Anaheim,3016142,156,717,N,N,N,N,37236.32098765432
LAN,LAD,Los Angeles Dodgers,162,81,2016,1,91,71,Dodger Stadium,3703312,189,725,Y,N,N,N,45719.9012345679
MIA,FLA,Miami Marlins,161,80,2016,3,79,82,Marlins Park,1712417,128,655,N,N,N,N,21405.2125
MIL,MIL,Milwaukee Brewers,162,81,2016,4,73,89,Miller Park,2314614,194,671,N,N,N,N,28575.48148148148
MIN,MIN,Minnesota Twins,162,81,2016,5,59,103,Target Field,1963912,200,722,N,N,N,N,24245.827160493827
NYA,NYY,New York Yankees,162,81,2016,4,84,78,Yankee Stadium III,3063405,183,680,N,N,N,N,37819.81481481482
NYN,NYM,New York Mets,162,81,2016,2,87,75,Citi Field,2789602,218,671,N,Y,N,N,34439.53086419753
OAK,OAK,Oakland Athletics,162,81,2016,5,69,93,O.co Coliseum,1521506,169,653,N,N,N,N,18784.024691358023
PHI,PHI,Philadelphia Phillies,162,81,2016,4,71,91,Citizens Bank Park,1915144,161,610,N,N,N,N,23643.753086419754
PIT,PIT,Pittsburgh Pirates,162,81,2016,3,78,83,PNC Park,2249201,153,729,N,N,N,N,27767.913580246917
SDN,SDP,San Diego Padres,162,81,2016,5,68,94,Petco Park,2351422,177,686,N,N,N,N,29029.9012345679
SEA,SEA,Seattle Mariners,162,81,2016,2,86,76,Safeco Field,2267928,223,768,N,N,N,N,27999.11111111111
SFN,SFG,San Francisco Giants,162,81,2016,2,87,75,AT&T Park,3365256,130,715,N,Y,N,N,41546.37037037037
SLN,STL,St. Louis Cardinals,162,81,2016,2,86,76,Busch Stadium III,3444490,225,779,N,N,N,N,42524.56790123456
TBA,TBD,Tampa Bay Rays,162,81,2016,5,68,94,Tropicana Field,1286163,216,672,N,N,N,N,15878.555555555557
TEX,TEX,Texas Rangers,162,81,2016,1,95,67,Rangers Ballpark in Arlington,2710402,215,765,Y,N,N,N,33461.753086419754
TOR,TOR,Toronto Blue Jays,162,81,2016,2,89,73,Rogers Centre,3392099,221,759,N,Y,N,N,41877.76543209877
WAS,WSN,Washington Nationals,162,81,2016,1,95,67,Nationals Park,2481938,203,763,Y,N,N,N,30641.20987654321
ARI,ARI,Arizona Diamondbacks,162,81,2017,2,93,69,Chase Field,2134375,220,812,N,Y,N,N,26350.30864197531
ATL,ATL,Atlanta Braves,162,81,2017,3,72,90,SunTrust Park,2505252,165,732,N,N,N,N,30929.03703703704
BAL,BAL,Baltimore Orioles,162,81,2017,5,75,87,Oriole Park at Camden Yards,2028424,232,743,N,N,N,N,25042.271604938276
BOS,BOS,Boston Red Sox,162,81,2017,1,93,69,Fenway Park II,2917678,168,785,Y,N,N,N,36020.71604938272
CHA,CHW,Chicago White Sox,162,81,2017,4,67,95,U.S. Cellular Field,1629470,186,706,N,N,N,N,20116.913580246917
CHN,CHC,Chicago Cubs,162,81,2017,1,92,70,Wrigley Field,3199562,223,822,Y,N,N,N,39500.76543209877
CIN,CIN,Cincinnati Reds,162,81,2017,5,68,94,Great American Ball Park,1836917,219,753,N,N,N,N,22677.987654320987
CLE,CLE,Cleveland Indians,162,81,2017,1,102,60,Progressive Field,2048138,212,818,Y,N,N,N,25285.65432098765
COL,COL,Colorado Rockies,162,81,2017,3,87,75,Coors Field,2953650,192,824,N,Y,N,N,36464.81481481482
DET,DET,Detroit Tigers,162,81,2017,5,64,98,Comerica Park,2321599,187,735,N,N,N,N,28661.71604938272
HOU,HOU,Houston Astros,162,81,2017,1,101,61,Minute Maid Park,2403671,238,896,Y,N,Y,Y,29674.95061728395
KCA,KCR,Kansas City Royals,162,81,2017,3,80,82,Kauffman Stadium,2220370,193,702,N,N,N,N,27411.975308641977
LAA,ANA,Los Angeles Angels of Anaheim,162,81,2017,2,80,82,Angel Stadium of Anaheim,3019585,186,710,N,N,N,N,37278.82716049383
LAN,LAD,Los Angeles Dodgers,162,81,2017,1,104,58,Dodger Stadium,3765856,221,770,Y,N,Y,N,46492.049382716046
MIA,FLA,Miami Marlins,162,78,2017,2,77,85,Marlins Park,1583014,194,778,N,N,N,N,20295.05128205128
MIL,MIL,Milwaukee Brewers,162,84,2017,2,86,76,Miller Park,2627705,224,732,N,N,N,N,31282.20238095238
MIN,MIN,Minnesota Twins,162,81,2017,2,85,77,Target Field,2051279,206,815,N,Y,N,N,25324.432098765432
NYA,NYY,New York Yankees,162,81,2017,2,91,71,Yankee Stadium III,3146966,241,858,N,Y,N,N,38851.43209876544
NYN,NYM,New York Mets,162,81,2017,4,70,92,Citi Field,2460622,224,735,N,N,N,N,30378.04938271605
OAK,OAK,Oakland Athletics,162,81,2017,5,75,87,O.co Coliseum,1475721,234,739,N,N,N,N,18218.777777777777
PHI,PHI,Philadelphia Phillies,162,81,2017,5,66,96,Citizens Bank Park,1905354,174,690,N,N,N,N,23522.88888888889
PIT,PIT,Pittsburgh Pirates,162,81,2017,4,75,87,PNC Park,1919447,151,668,N,N,N,N,23696.87654320988
SDN,SDP,San Diego Padres,162,81,2017,4,71,91,Petco Park,2138491,189,604,N,N,N,N,26401.123456790123
SEA,SEA,Seattle Mariners,162,81,2017,3,78,84,Safeco Field,2135445,200,750,N,N,N,N,26363.51851851852
SFN,SFG,San Francisco Giants,162,81,2017,5,64,98,AT&T Park,3303652,128,639,N,N,N,N,40785.82716049383
SLN,STL,St. Louis Cardinals,162,81,2017,3,83,79,Busch Stadium III,3447937,196,761,N,N,N,N,42567.12345679013
TBA,TBD,Tampa Bay Rays,162,81,2017,3,80,82,Tropicana Field,1253619,228,694,N,N,N,N,15476.777777777776
TEX,TEX,Texas Rangers,162,81,2017,4,78,84,Rangers Ballpark in Arlington,2507760,237,799,N,N,N,N,30960.0
TOR,TOR,Toronto Blue Jays,162,81,2017,4,76,86,Rogers Centre,3203886,222,693,N,N,N,N,39554.14814814815
WAS,WSN,Washington Nationals,162,81,2017,1,97,65,Nationals Park,2524980,215,819,Y,N,N,N,31172.59259259259
ARI,ARI,Arizona Diamondbacks,162,81,2018,3,82,80,Chase Field,2242695,176,693,N,N,N,N,27687.59259259259
ATL,ATL,Atlanta Braves,162,81,2018,1,90,72,SunTrust Park,2555781,175,759,Y,N,N,N,31552.85185185185
BAL,BAL,Baltimore Orioles,162,81,2018,5,47,115,Oriole Park at Camden Yards,1564192,188,622,N,N,N,N,19311.012345679013
BOS,BOS,Boston Red Sox,162,81,2018,1,108,54,Fenway Park II,2895575,208,876,Y,N,Y,Y,35747.83950617284
CHA,CHW,Chicago White Sox,162,81,2018,4,62,100,Guaranteed Rate Field,1608817,182,656,N,N,N,N,19861.938271604937
CHN,CHC,Chicago Cubs,163,82,2018,2,95,68,Wrigley Field,3181089,167,761,N,Y,N,N,38793.76829268293
CIN,CIN,Cincinnati Reds,162,81,2018,5,67,95,Great American Ball Park,1629356,172,696,N,N,N,N,20115.506172839505
CLE,CLE,Cleveland Indians,162,81,2018,1,91,71,Progressive Field,1926701,216,818,Y,N,N,N,23786.432098765432
COL,COL,Colorado Rockies,163,81,2018,2,91,72,Coors Field,3015880,210,780,N,Y,N,N,37233.08641975309
DET,DET,Detroit Tigers,162,81,2018,3,64,98,Comerica Park,1856970,135,630,N,N,N,N,22925.555555555555
HOU,HOU,Houston Astros,162,81,2018,1,103,59,Minute Maid Park,2980549,205,797,Y,N,N,N,36796.9012345679
KCA,KCR,Kansas City Royals,162,81,2018,5,58,104,Kauffman Stadium,1665107,155,638,N,N,N,N,20556.87654320988
LAA,ANA,Los Angeles Angels of Anaheim,162,81,2018,4,80,82,Angel Stadium of Anaheim,3020216,214,721,N,N,N,N,37286.61728395062
LAN,LAD,Los Angeles Dodgers,163,82,2018,1,92,71,Dodger Stadium,3857500,235,804,Y,N,Y,N,47042.68292682927
MIA,FLA,Miami Marlins,161,81,2018,5,63,98,Marlins Park,811104,128,589,N,N,N,N,10013.62962962963
MIL,MIL,Milwaukee Brewers,163,81,2018,1,96,67,Miller Park,2850875,218,754,Y,N,N,N,35195.98765432099
MIN,MIN,Minnesota Twins,162,81,2018,2,78,84,Target Field,1959197,166,738,N,N,N,N,24187.617283950614
NYA,NYY,New York Yankees,162,81,2018,2,100,62,Yankee Stadium III,3482855,267,851,N,Y,N,N,42998.20987654321
NYN,NYM,New York Mets,162,81,2018,4,77,85,Citi Field,2224995,170,676,N,N,N,N,27469.074074074077
OAK,OAK,Oakland Athletics,162,81,2018,2,97,65,O.co Coliseum,1573616,227,813,N,Y,N,N,19427.35802469136
PHI,PHI,Philadelphia Phillies,162,81,2018,3,80,82,Citizens Bank Park,2158124,186,677,N,N,N,N,26643.506172839505
PIT,PIT,Pittsburgh Pirates,161,80,2018,4,82,79,PNC Park,1465316,157,692,N,N,N,N,18316.45
SDN,SDP,San Diego Padres,162,81,2018,5,66,96,Petco Park,2168536,162,617,N,N,N,N,26772.04938271605
SEA,SEA,Seattle Mariners,162,81,2018,3,89,73,Safeco Field,2299489,176,677,N,N,N,N,28388.753086419754
SFN,SFG,San Francisco Giants,162,81,2018,4,73,89,AT&T Park,3156185,133,603,N,N,N,N,38965.246913580246
SLN,STL,St. Louis Cardinals,162,81,2018,3,88,74,Busch Stadium III,3403587,205,759,N,N,N,N,42019.59259259259
TBA,TBD,Tampa Bay Rays,162,81,2018,3,90,72,Tropicana Field,1154973,150,716,N,N,N,N,14258.925925925923
TEX,TEX,Texas Rangers,162,81,2018,5,67,95,Globe Life Park in Arlington,2107107,194,737,N,N,N,N,26013.666666666668
TOR,TOR,Toronto Blue Jays,162,81,2018,4,73,89,Rogers Centre,2325281,217,709,N,N,N,N,28707.172839506173
WAS,WSN,Washington Nationals,162,81,2018,2,82,80,Nationals Park,2529604,191,771,N,N,N,N,31229.67901234568
ARI,ARI,Arizona Diamondbacks,162,81,2019,2,85,77,Chase Field,2135510,220,813,N,N,N,N,26364.32098765432
ATL,ATL,Atlanta Braves,162,81,2019,1,97,65,SunTrust Park,2655100,249,855,Y,N,N,N,32779.01234567901
BAL,BAL,Baltimore Orioles,162,81,2019,5,54,108,Oriole Park at Camden Yards,1307807,213,729,N,N,N,N,16145.765432098766
BOS,BOS,Boston Red Sox,162,81,2019,3,84,78,Fenway Park II,2924627,245,901,N,N,N,N,36106.50617283951
CHA,CHW,Chicago White Sox,161,80,2019,3,72,89,Guaranteed Rate Field,1649775,182,708,N,N,N,N,20622.1875
CHN,CHC,Chicago Cubs,162,81,2019,3,84,78,Wrigley Field,3094865,256,814,N,N,N,N,38208.20987654321
CIN,CIN,Cincinnati Reds,162,81,2019,4,75,87,Great American Ball Park,1808685,227,701,N,N,N,N,22329.444444444445
CLE,CLE,Cleveland Indians,162,81,2019,2,93,69,Progressive Field,1738642,223,769,N,N,N,N,21464.71604938272
COL,COL,Colorado Rockies,162,81,2019,4,71,91,Coors Field,2993244,224,835,N,N,N,N,36953.62962962963
DET,DET,Detroit Tigers,161,81,2019,5,47,114,Comerica Park,1501430,149,582,N,N,N,N,18536.172839506173
HOU,HOU,Houston Astros,162,81,2019,1,107,55,Minute Maid Park,2857367,288,920,Y,N,Y,N,35276.135802469136
KCA,KCR,Kansas City Royals,162,81,2019,4,59,103,Kauffman Stadium,1479659,162,691,N,N,N,N,18267.395061728395
LAA,ANA,Los Angeles Angels of Anaheim,162,81,2019,4,72,90,Angel Stadium of Anaheim,3019012,220,769,N,N,N,N,37271.75308641976
LAN,LAD,Los Angeles Dodgers,162,81,2019,1,106,56,Dodger Stadium,3974309,279,886,Y,N,N,N,49065.54320987655
MIA,FLA,Miami Marlins,162,81,2019,5,57,105,Marlins Park,811302,146,615,N,N,N,N,10016.074074074077
MIL,MIL,Milwaukee Brewers,162,81,2019,2,89,73,Miller Park,2923333,250,769,N,Y,N,N,36090.53086419753
MIN,MIN,Minnesota Twins,162,81,2019,1,101,61,Target Field,2294152,307,939,Y,N,N,N,28322.864197530864
NYA,NYY,New York Yankees,162,81,2019,1,103,59,Yankee Stadium III,3304404,306,943,Y,N,N,N,40795.11111111111
NYN,NYM,New York Mets,162,81,2019,3,86,76,Citi Field,2442532,242,791,N,N,N,N,30154.71604938272
OAK,OAK,Oakland Athletics,162,81,2019,2,97,65,O.co Coliseum,1662211,257,845,N,Y,N,N,20521.123456790123
PHI,PHI,Philadelphia Phillies,162,81,2019,4,81,81,Citizens Bank Park,2727421,215,774,N,N,N,N,33671.864197530864
PIT,PIT,Pittsburgh Pirates,162,81,2019,5,69,93,PNC Park,1491439,163,758,N,N,N,N,18412.827160493827
SDN,SDP,San Diego Padres,162,81,2019,5,70,92,Petco Park,2396399,219,682,N,N,N,N,29585.172839506173
SEA,SEA,Seattle Mariners,162,81,2019,5,68,94,T-Mobile Park,1791863,239,758,N,N,N,N,22121.765432098764
SFN,SFG,San Francisco Giants,162,81,2019,3,77,85,Oracle Park,2707760,167,678,N,N,N,N,33429.135802469136
SLN,STL,St. Louis Cardinals,162,81,2019,1,91,71,Busch Stadium III,3480393,210,764,Y,N,N,N,42967.81481481482
TBA,TBD,Tampa Bay Rays,162,81,2019,2,96,66,Tropicana Field,1178735,217,769,N,Y,N,N,14552.283950617284
TEX,TEX,Texas Rangers,162,81,2019,3,78,84,Globe Life Park in Arlington,2132994,223,810,N,N,N,N,26333.25925925926
TOR,TOR,Toronto Blue Jays,162,81,2019,4,67,95,Rogers Centre,1750114,247,726,N,N,N,N,21606.345679012345
WAS,WSN,Washington Nationals,162,81,2019,2,93,69,Nationals Park,2259781,231,873,N,Y,Y,Y,27898.53086419753
ARI,ARI,Arizona Diamondbacks,162,81,2021,5,52,110,Chase Field,1043010,144,679,N,N,N,N,12876.666666666666
ATL,ATL,Atlanta Braves,161,80,2021,1,88,73,SunTrust Park,2300247,239,790,Y,N,Y,Y,28753.0875
BAL,BAL,Baltimore Orioles,162,81,2021,5,52,110,Oriole Park at Camden Yards,793229,195,659,N,N,N,N,9792.95061728395
BOS,BOS,Boston Red Sox,162,81,2021,2,92,70,Fenway Park II,1725323,219,829,N,Y,N,N,21300.28395061728
CHA,CHW,Chicago White Sox,162,81,2021,1,93,69,Guaranteed Rate Field,1596385,190,796,Y,N,N,N,19708.45679012345
CHN,CHC,Chicago Cubs,162,81,2021,4,71,91,Wrigley Field,1978934,210,705,N,N,N,N,24431.28395061728
CIN,CIN,Cincinnati Reds,162,81,2021,3,83,79,Great American Ball Park,1505024,222,786,N,N,N,N,18580.543209876545
CLE,CLE,Cleveland Indians,162,81,2021,2,80,82,Progressive Field,1114368,203,717,N,N,N,N,13757.62962962963
COL,COL,Colorado Rockies,161,81,2021,4,74,87,Coors Field,1938645,182,739,N,N,N,N,23933.88888888889
DET,DET,Detroit Tigers,162,81,2021,3,77,85,Comerica Park,1102621,179,697,N,N,N,N,13612.604938271605
HOU,HOU,Houston Astros,162,81,2021,1,95,67,Minute Maid Park,2068509,221,863,Y,N,Y,N,25537.14814814815
KCA,KCR,Kansas City Royals,162,81,2021,4,74,88,Kauffman Stadium,1159613,163,686,N,N,N,N,14316.20987654321
LAA,ANA,Los Angeles Angels of Anaheim,162,82,2021,4,77,85,Angel Stadium of Anaheim,1515689,190,723,N,N,N,N,18484.01219512195
LAN,LAD,Los Angeles Dodgers,162,81,2021,2,106,56,Dodger Stadium,2804693,237,830,N,Y,N,N,34625.83950617284
MIA,FLA,Miami Marlins,162,81,2021,4,67,95,Marlins Park,642617,158,623,N,N,N,N,7933.543209876543
MIL,MIL,Milwaukee Brewers,162,81,2021,1,95,67,Miller Park,1824282,194,738,Y,N,N,N,22522.0
MIN,MIN,Minnesota Twins,162,81,2021,5,73,89,Target Field,1310199,228,729,N,N,N,N,16175.296296296296
NYA,NYY,New York Yankees,162,81,2021,2,92,70,Yankee Stadium III,1959854,222,711,N,Y,N,N,24195.728395061727
NYN,NYM,New York Mets,162,81,2021,3,77,85,Citi Field,1511926,176,636,N,N,N,N,18665.753086419754
OAK,OAK,Oakland Athletics,162,81,2021,3,86,76,O.co Coliseum,701430,199,743,N,N,N,N,8659.62962962963
PHI,PHI,Philadelphia Phillies,162,81,2021,2,82,80,Citizens Bank Park,1515890,198,734,N,N,N,N,18714.69135802469
PIT,PIT,Pittsburgh Pirates,162,81,2021,5,61,101,PNC Park,859498,124,609,N,N,N,N,10611.086419753086
SDN,SDP,San Diego Padres,162,81,2021,3,79,83,Petco Park,2191950,180,729,N,N,N,N,27061.11111111111
SEA,SEA,Seattle Mariners,162,81,2021,2,90,72,T-Mobile Park,1215985,199,697,N,N,N,N,15012.16049382716
SFN,SFG,San Francisco Giants,162,81,2021,1,107,55,Oracle Park,1679484,241,804,Y,N,N,N,20734.37037037037
SLN,STL,St. Louis Cardinals,162,81,2021,2,90,72,Busch Stadium III,2102530,198,706,N,Y,N,N,25957.16049382716
TBA,TBD,Tampa Bay Rays,162,81,2021,1,100,62,Tropicana Field,761072,222,857,Y,N,N,N,9395.95061728395
TEX,TEX,Texas Rangers,162,81,2021,5,60,102,Globe Life Field,2110258,167,625,N,N,N,N,26052.567901234568
TOR,TOR,Toronto Blue Jays,162,80,2021,4,91,71,Sahlen Field,805901,262,846,N,N,N,N,10073.7625
WAS,WSN,Washington Nationals,162,81,2021,5,65,97,Nationals Park,1465543,182,724,N,N,N,N,18093.123456790123
