,season,team,Est_Payroll
0,1990,Atlanta Braves,"$15,065,501"
1,1990,Baltimore Orioles,"$10,100,084"
2,1990,Boston Red Sox,"$20,858,333"
3,1990,California Angels,"$22,417,500"
4,1990,Chicago Cubs,"$14,599,000"
5,1990,Chicago White Sox,"$10,721,500"
6,1990,Cincinnati Reds,"$14,470,000"
7,1990,Cleveland Indians,"$15,208,000"
8,1990,Detroit Tigers,"$18,393,238"
9,1990,Houston Astros,"$18,752,500"
10,1990,Kansas City Royals,"$24,161,084"
11,1990,Los Angeles Dodgers,"$22,018,704"
12,1990,Milwaukee Brewers,"$20,149,167"
13,1990,Minnesota Twins,"$15,272,000"
14,1990,Montreal Expos,"$17,334,888"
15,1990,New York Mets,"$21,922,834"
16,1990,New York Yankees,"$21,312,318"
17,1990,Oakland Athletics,"$20,087,501"
18,1990,Philadelphia Phillies,"$13,740,167"
19,1990,Pittsburgh Pirates,"$15,556,000"
20,1990,San Diego Padres,"$17,788,334"
21,1990,Seattle Mariners,"$12,867,667"
22,1990,San Francisco Giants,"$21,565,333"
23,1990,St. Louis Cardinals,"$21,048,334"
24,1990,Texas Rangers,"$15,597,872"
25,1990,Toronto Blue Jays,"$19,259,334"
26,1991,Atlanta Braves,"$18,403,500"
27,1991,Baltimore Orioles,"$17,519,000"
28,1991,Boston Red Sox,"$35,167,500"
29,1991,California Angels,"$33,060,001"
30,1991,Chicago Cubs,"$23,380,667"
31,1991,Chicago White Sox,"$16,919,667"
32,1991,Cincinnati Reds,"$26,305,333"
33,1991,Cleveland Indians,"$17,635,000"
34,1991,Detroit Tigers,"$23,838,333"
35,1991,Houston Astros,"$12,852,500"
36,1991,Kansas City Royals,"$26,319,834"
37,1991,Los Angeles Dodgers,"$32,790,664"
38,1991,Milwaukee Brewers,"$23,115,500"
39,1991,Minnesota Twins,"$23,361,833"
40,1991,Montreal Expos,"$10,732,333"
41,1991,New York Mets,"$32,590,001"
42,1991,New York Yankees,"$27,344,168"
43,1991,Oakland Athletics,"$36,999,167"
44,1991,Philadelphia Phillies,"$22,487,332"
45,1991,Pittsburgh Pirates,"$23,634,667"
46,1991,San Diego Padres,"$22,150,001"
47,1991,Seattle Mariners,"$15,691,833"
48,1991,San Francisco Giants,"$30,967,666"
49,1991,St. Louis Cardinals,"$21,860,001"
50,1991,Texas Rangers,"$18,224,500"
51,1991,Toronto Blue Jays,"$19,902,417"
52,1992,Atlanta Braves,"$34,625,333"
53,1992,Baltimore Orioles,"$23,891,667"
54,1992,Boston Red Sox,"$43,610,584"
55,1992,California Angels,"$34,749,334"
56,1992,Chicago Cubs,"$29,829,686"
57,1992,Chicago White Sox,"$30,160,833"
58,1992,Cincinnati Reds,"$33,431,499"
59,1992,Cleveland Indians,"$9,373,044"
60,1992,Detroit Tigers,"$27,322,834"
61,1992,Houston Astros,"$15,407,500"
62,1992,Kansas City Royals,"$33,893,834"
63,1992,Los Angeles Dodgers,"$44,788,166"
64,1992,Milwaukee Brewers,"$31,013,667"
65,1992,Minnesota Twins,"$28,027,834"
66,1992,Montreal Expos,"$15,822,334"
67,1992,New York Mets,"$44,602,002"
68,1992,New York Yankees,"$37,652,334"
69,1992,Oakland Athletics,"$41,035,000"
70,1992,Philadelphia Phillies,"$24,492,834"
71,1992,Pittsburgh Pirates,"$33,944,167"
72,1992,San Diego Padres,"$26,854,167"
73,1992,Seattle Mariners,"$23,304,833"
74,1992,San Francisco Giants,"$33,163,168"
75,1992,St. Louis Cardinals,"$27,583,836"
76,1992,Texas Rangers,"$30,128,167"
77,1992,Toronto Blue Jays,"$44,788,666"
78,1993,Atlanta Braves,"$41,641,417"
79,1993,Baltimore Orioles,"$29,096,500"
80,1993,Boston Red Sox,"$37,120,583"
81,1993,California Angels,"$28,588,334"
82,1993,Chicago Cubs,"$39,386,666"
83,1993,Chicago White Sox,"$39,696,166"
84,1993,Cincinnati Reds,"$44,879,666"
85,1993,Cleveland Indians,"$18,561,000"
86,1993,Colorado Rockies,"$10,353,500"
87,1993,Detroit Tigers,"$38,150,165"
88,1993,Florida Marlins,"$19,330,545"
89,1993,Houston Astros,"$30,210,500"
90,1993,Kansas City Royals,"$41,455,167"
91,1993,Los Angeles Dodgers,"$39,440,999"
92,1993,Milwaukee Brewers,"$23,806,834"
93,1993,Minnesota Twins,"$28,217,933"
94,1993,Montreal Expos,"$18,899,333"
95,1993,New York Mets,"$39,043,667"
96,1993,New York Yankees,"$42,723,000"
97,1993,Oakland Athletics,"$37,812,333"
98,1993,Philadelphia Phillies,"$28,538,334"
99,1993,Pittsburgh Pirates,"$24,822,467"
100,1993,San Diego Padres,"$25,511,333"
101,1993,Seattle Mariners,"$33,646,333"
102,1993,San Francisco Giants,"$35,159,000"
103,1993,St. Louis Cardinals,"$23,367,334"
104,1993,Texas Rangers,"$36,376,959"
105,1993,Toronto Blue Jays,"$47,279,166"
106,1994,Atlanta Braves,"$49,383,513"
107,1994,Baltimore Orioles,"$38,849,769"
108,1994,Boston Red Sox,"$37,859,084"
109,1994,California Angels,"$25,156,218"
110,1994,Chicago Cubs,"$36,287,333"
111,1994,Chicago White Sox,"$39,183,836"
112,1994,Cincinnati Reds,"$41,073,833"
113,1994,Cleveland Indians,"$30,490,500"
114,1994,Colorado Rockies,"$23,887,333"
115,1994,Detroit Tigers,"$41,446,501"
116,1994,Florida Marlins,"$21,633,000"
117,1994,Houston Astros,"$33,126,000"
118,1994,Kansas City Royals,"$40,541,334"
119,1994,Los Angeles Dodgers,"$38,000,001"
120,1994,Milwaukee Brewers,"$24,350,500"
121,1994,Minnesota Twins,"$28,438,500"
122,1994,Montreal Expos,"$19,098,000"
123,1994,New York Mets,"$30,956,583"
124,1994,New York Yankees,"$46,040,334"
125,1994,Oakland Athletics,"$34,172,500"
126,1994,Philadelphia Phillies,"$31,599,000"
127,1994,Pittsburgh Pirates,"$24,217,250"
128,1994,San Diego Padres,"$14,916,333"
129,1994,Seattle Mariners,"$29,228,500"
130,1994,San Francisco Giants,"$42,638,666"
131,1994,St. Louis Cardinals,"$29,275,601"
132,1994,Texas Rangers,"$32,973,597"
133,1994,Toronto Blue Jays,"$43,433,668"
134,1995,Atlanta Braves,"$47,235,445"
135,1995,Baltimore Orioles,"$43,942,521"
136,1995,Boston Red Sox,"$32,455,518"
137,1995,California Angels,"$31,223,171"
138,1995,Chicago Cubs,"$29,505,834"
139,1995,Chicago White Sox,"$46,961,282"
140,1995,Cincinnati Reds,"$43,144,670"
141,1995,Cleveland Indians,"$38,057,835"
142,1995,Colorado Rockies,"$34,154,717"
143,1995,Detroit Tigers,"$37,044,168"
144,1995,Florida Marlins,"$24,515,781"
145,1995,Houston Astros,"$34,169,834"
146,1995,Kansas City Royals,"$29,532,834"
147,1995,Los Angeles Dodgers,"$39,273,201"
148,1995,Milwaukee Brewers,"$17,798,825"
149,1995,Minnesota Twins,"$25,410,500"
150,1995,Montreal Expos,"$12,473,000"
151,1995,New York Mets,"$27,674,992"
152,1995,New York Yankees,"$48,874,851"
153,1995,Oakland Athletics,"$37,739,225"
154,1995,Philadelphia Phillies,"$30,555,945"
155,1995,Pittsburgh Pirates,"$18,355,345"
156,1995,San Diego Padres,"$26,382,334"
157,1995,Seattle Mariners,"$36,481,311"
158,1995,San Francisco Giants,"$36,462,777"
159,1995,St. Louis Cardinals,"$37,101,000"
160,1995,Texas Rangers,"$34,581,451"
161,1995,Toronto Blue Jays,"$50,590,000"
162,1996,Atlanta Braves,"$49,698,500"
163,1996,Baltimore Orioles,"$54,599,315"
164,1996,Boston Red Sox,"$42,393,500"
165,1996,California Angels,"$28,847,000"
166,1996,Chicago Cubs,"$33,081,000"
167,1996,Chicago White Sox,"$45,289,500"
168,1996,Cincinnati Reds,"$42,526,334"
169,1996,Cleveland Indians,"$48,216,360"
170,1996,Colorado Rockies,"$40,324,823"
171,1996,Detroit Tigers,"$23,438,000"
172,1996,Florida Marlins,"$31,132,000"
173,1996,Houston Astros,"$28,487,000"
174,1996,Kansas City Royals,"$20,281,250"
175,1996,Los Angeles Dodgers,"$35,355,000"
176,1996,Milwaukee Brewers,"$21,730,000"
177,1996,Minnesota Twins,"$23,117,000"
178,1996,Montreal Expos,"$16,264,500"
179,1996,New York Mets,"$24,479,500"
180,1996,New York Yankees,"$54,191,792"
181,1996,Oakland Athletics,"$21,243,000"
182,1996,Philadelphia Phillies,"$34,314,500"
183,1996,Pittsburgh Pirates,"$23,017,500"
184,1996,San Diego Padres,"$28,348,172"
185,1996,Seattle Mariners,"$41,328,501"
186,1996,San Francisco Giants,"$37,144,725"
187,1996,St. Louis Cardinals,"$40,269,667"
188,1996,Texas Rangers,"$39,041,528"
189,1996,Toronto Blue Jays,"$30,555,083"
190,1997,Anaheim Angels,"$31,135,472"
191,1997,Atlanta Braves,"$52,278,500"
192,1997,Baltimore Orioles,"$58,516,400"
193,1997,Boston Red Sox,"$43,558,750"
194,1997,Chicago Cubs,"$42,155,333"
195,1997,Chicago White Sox,"$57,740,000"
196,1997,Cincinnati Reds,"$49,768,000"
197,1997,Cleveland Indians,"$56,802,460"
198,1997,Colorado Rockies,"$43,559,667"
199,1997,Detroit Tigers,"$17,272,000"
200,1997,Florida Marlins,"$48,692,500"
201,1997,Houston Astros,"$34,777,500"
202,1997,Kansas City Royals,"$34,810,000"
203,1997,Los Angeles Dodgers,"$45,380,304"
204,1997,Milwaukee Brewers,"$23,655,338"
205,1997,Minnesota Twins,"$34,072,500"
206,1997,Montreal Expos,"$19,295,500"
207,1997,New York Mets,"$39,800,400"
208,1997,New York Yankees,"$62,241,545"
209,1997,Oakland Athletics,"$24,018,500"
210,1997,Philadelphia Phillies,"$36,656,500"
211,1997,Pittsburgh Pirates,"$10,771,667"
212,1997,San Diego Padres,"$37,363,672"
213,1997,Seattle Mariners,"$41,540,661"
214,1997,San Francisco Giants,"$35,592,378"
215,1997,St. Louis Cardinals,"$45,456,667"
216,1997,Texas Rangers,"$53,448,838"
217,1997,Toronto Blue Jays,"$47,079,833"
218,1998,Anaheim Angels,"$41,791,000"
219,1998,Arizona Diamondbacks,"$32,347,000"
220,1998,Atlanta Braves,"$61,186,000"
221,1998,Baltimore Orioles,"$72,525,634"
222,1998,Boston Red Sox,"$56,927,000"
223,1998,Chicago Cubs,"$50,838,000"
224,1998,Chicago White Sox,"$39,850,000"
225,1998,Cincinnati Reds,"$23,005,000"
226,1998,Cleveland Indians,"$61,718,166"
227,1998,Colorado Rockies,"$50,484,648"
228,1998,Detroit Tigers,"$24,265,000"
229,1998,Florida Marlins,"$41,864,667"
230,1998,Houston Astros,"$42,374,000"
231,1998,Kansas City Royals,"$38,097,500"
232,1998,Los Angeles Dodgers,"$48,820,000"
233,1998,Milwaukee Brewers,"$34,139,904"
234,1998,Minnesota Twins,"$28,097,500"
235,1998,Montreal Expos,"$10,641,500"
236,1998,New York Mets,"$52,247,999"
237,1998,New York Yankees,"$66,806,867"
238,1998,Oakland Athletics,"$21,473,000"
239,1998,Philadelphia Phillies,"$36,297,500"
240,1998,Pittsburgh Pirates,"$15,065,000"
241,1998,San Diego Padres,"$46,861,500"
242,1998,Seattle Mariners,"$54,802,036"
243,1998,San Francisco Giants,"$42,738,334"
244,1998,St. Louis Cardinals,"$54,672,521"
245,1998,Tampa Bay Devil Rays,"$27,280,000"
246,1998,Texas Rangers,"$56,752,095"
247,1998,Toronto Blue Jays,"$51,376,000"
248,1999,Anaheim Angels,"$55,633,166"
249,1999,Arizona Diamondbacks,"$68,703,999"
250,1999,Atlanta Braves,"$73,341,000"
251,1999,Baltimore Orioles,"$80,805,863"
252,1999,Boston Red Sox,"$64,097,500"
253,1999,Chicago Cubs,"$62,343,000"
254,1999,Chicago White Sox,"$25,820,000"
255,1999,Cincinnati Reds,"$33,962,761"
256,1999,Cleveland Indians,"$73,679,962"
257,1999,Colorado Rockies,"$61,935,837"
258,1999,Detroit Tigers,"$36,689,666"
259,1999,Florida Marlins,"$21,085,000"
260,1999,Houston Astros,"$55,114,000"
261,1999,Kansas City Royals,"$26,660,000"
262,1999,Los Angeles Dodgers,"$81,062,453"
263,1999,Milwaukee Brewers,"$43,377,395"
264,1999,Minnesota Twins,"$22,107,500"
265,1999,Montreal Expos,"$17,903,000"
266,1999,New York Mets,"$68,852,092"
267,1999,New York Yankees,"$86,934,359"
268,1999,Oakland Athletics,"$24,831,833"
269,1999,Philadelphia Phillies,"$31,897,500"
270,1999,Pittsburgh Pirates,"$25,047,666"
271,1999,San Diego Padres,"$49,768,179"
272,1999,Seattle Mariners,"$54,125,003"
273,1999,San Francisco Giants,"$46,798,057"
274,1999,St. Louis Cardinals,"$49,988,195"
275,1999,Tampa Bay Devil Rays,"$38,870,000"
276,1999,Texas Rangers,"$76,709,931"
277,1999,Toronto Blue Jays,"$45,444,333"
278,2000,Anaheim Angels,"$52,664,167"
279,2000,Arizona Diamondbacks,"$81,027,833"
280,2000,Atlanta Braves,"$84,737,836"
281,2000,Baltimore Orioles,"$82,347,435"
282,2000,Boston Red Sox,"$79,975,333"
283,2000,Chicago Cubs,"$60,539,333"
284,2000,Chicago White Sox,"$31,743,500"
285,2000,Cincinnati Reds,"$46,867,200"
286,2000,Cleveland Indians,"$76,972,271"
287,2000,Colorado Rockies,"$61,111,190"
288,2000,Detroit Tigers,"$59,645,167"
289,2000,Florida Marlins,"$20,347,000"
290,2000,Houston Astros,"$51,289,111"
291,2000,Kansas City Royals,"$24,903,000"
292,2000,Los Angeles Dodgers,"$88,124,286"
293,2000,Milwaukee Brewers,"$37,305,333"
294,2000,Minnesota Twins,"$17,529,500"
295,2000,Montreal Expos,"$32,994,333"
296,2000,New York Mets,"$79,509,776"
297,2000,New York Yankees,"$93,113,260"
298,2000,Oakland Athletics,"$33,172,333"
299,2000,Philadelphia Phillies,"$47,513,000"
300,2000,Pittsburgh Pirates,"$31,328,334"
301,2000,San Diego Padres,"$55,021,000"
302,2000,Seattle Mariners,"$60,495,000"
303,2000,San Francisco Giants,"$53,737,826"
304,2000,St. Louis Cardinals,"$61,653,863"
305,2000,Tampa Bay Devil Rays,"$63,265,129"
306,2000,Texas Rangers,"$70,795,921"
307,2000,Toronto Blue Jays,"$46,038,332"
308,2001,Anaheim Angels,"$47,735,167"
309,2001,Arizona Diamondbacks,"$85,082,999"
310,2001,Atlanta Braves,"$91,936,166"
311,2001,Baltimore Orioles,"$74,279,540"
312,2001,Boston Red Sox,"$110,035,833"
313,2001,Chicago Cubs,"$64,715,833"
314,2001,Chicago White Sox,"$65,653,667"
315,2001,Cincinnati Reds,"$48,986,000"
316,2001,Cleveland Indians,"$93,360,001"
317,2001,Colorado Rockies,"$71,541,334"
318,2001,Detroit Tigers,"$53,416,167"
319,2001,Florida Marlins,"$35,762,500"
320,2001,Houston Astros,"$60,612,667"
321,2001,Kansas City Royals,"$35,422,500"
322,2001,Los Angeles Dodgers,"$109,105,953"
323,2001,Milwaukee Brewers,"$43,886,833"
324,2001,Minnesota Twins,"$24,130,000"
325,2001,Montreal Expos,"$35,159,500"
326,2001,New York Mets,"$93,174,428"
327,2001,New York Yankees,"$112,787,143"
328,2001,Oakland Athletics,"$33,810,750"
329,2001,Philadelphia Phillies,"$41,663,833"
330,2001,Pittsburgh Pirates,"$57,760,833"
331,2001,San Diego Padres,"$39,182,833"
332,2001,Seattle Mariners,"$74,720,834"
333,2001,San Francisco Giants,"$63,280,167"
334,2001,St. Louis Cardinals,"$79,373,333"
335,2001,Tampa Bay Devil Rays,"$56,980,000"
336,2001,Texas Rangers,"$88,633,500"
337,2001,Toronto Blue Jays,"$76,895,999"
338,2002,Anaheim Angels,"$61,721,667"
339,2002,Arizona Diamondbacks,"$102,819,999"
340,2002,Atlanta Braves,"$93,470,367"
341,2002,Baltimore Orioles,"$64,493,487"
342,2002,Boston Red Sox,"$108,366,060"
343,2002,Chicago Cubs,"$75,690,833"
344,2002,Chicago White Sox,"$57,052,833"
345,2002,Cincinnati Reds,"$45,050,390"
346,2002,Cleveland Indians,"$78,909,449"
347,2002,Colorado Rockies,"$56,851,043"
348,2002,Detroit Tigers,"$55,048,000"
349,2002,Florida Marlins,"$41,979,917"
350,2002,Houston Astros,"$63,448,417"
351,2002,Kansas City Royals,"$47,257,000"
352,2002,Los Angeles Dodgers,"$94,850,953"
353,2002,Milwaukee Brewers,"$50,287,833"
354,2002,Minnesota Twins,"$40,425,000"
355,2002,Montreal Expos,"$38,670,500"
356,2002,New York Mets,"$94,633,593"
357,2002,New York Yankees,"$125,928,583"
358,2002,Oakland Athletics,"$40,004,167"
359,2002,Philadelphia Phillies,"$57,954,999"
360,2002,Pittsburgh Pirates,"$42,323,599"
361,2002,San Diego Padres,"$41,425,000"
362,2002,Seattle Mariners,"$80,282,668"
363,2002,San Francisco Giants,"$78,299,835"
364,2002,St. Louis Cardinals,"$74,660,875"
365,2002,Tampa Bay Devil Rays,"$34,380,000"
366,2002,Texas Rangers,"$105,726,122"
367,2002,Toronto Blue Jays,"$76,864,333"
368,2003,Anaheim Angels,"$79,031,667"
369,2003,Arizona Diamondbacks,"$80,657,000"
370,2003,Atlanta Braves,"$106,243,667"
371,2003,Baltimore Orioles,"$73,877,500"
372,2003,Boston Red Sox,"$99,946,500"
373,2003,Chicago Cubs,"$79,868,333"
374,2003,Chicago White Sox,"$51,010,000"
375,2003,Cincinnati Reds,"$59,355,667"
376,2003,Cleveland Indians,"$48,584,834"
377,2003,Colorado Rockies,"$67,179,667"
378,2003,Detroit Tigers,"$49,168,000"
379,2003,Florida Marlins,"$49,450,000"
380,2003,Houston Astros,"$71,040,000"
381,2003,Kansas City Royals,"$40,518,000"
382,2003,Los Angeles Dodgers,"$105,872,620"
383,2003,Milwaukee Brewers,"$40,627,000"
384,2003,Minnesota Twins,"$55,505,000"
385,2003,Montreal Expos,"$51,948,500"
386,2003,New York Mets,"$117,176,429"
387,2003,New York Yankees,"$152,749,814"
388,2003,Oakland Athletics,"$50,260,834"
389,2003,Philadelphia Phillies,"$70,780,000"
390,2003,Pittsburgh Pirates,"$54,812,429"
391,2003,San Diego Padres,"$45,210,000"
392,2003,Seattle Mariners,"$86,959,167"
393,2003,San Francisco Giants,"$82,852,167"
394,2003,St. Louis Cardinals,"$83,786,666"
395,2003,Tampa Bay Devil Rays,"$19,630,000"
396,2003,Texas Rangers,"$103,491,667"
397,2003,Toronto Blue Jays,"$51,269,000"
398,2004,Anaheim Angels,"$100,534,667"
399,2004,Arizona Diamondbacks,"$69,780,750"
400,2004,Atlanta Braves,"$90,182,500"
401,2004,Baltimore Orioles,"$51,623,333"
402,2004,Boston Red Sox,"$127,298,500"
403,2004,Chicago Cubs,"$90,560,000"
404,2004,Chicago White Sox,"$65,212,500"
405,2004,Cincinnati Reds,"$46,915,250"
406,2004,Cleveland Indians,"$34,319,300"
407,2004,Colorado Rockies,"$65,445,167"
408,2004,Detroit Tigers,"$46,832,000"
409,2004,Florida Marlins,"$42,143,042"
410,2004,Houston Astros,"$75,397,000"
411,2004,Kansas City Royals,"$47,609,000"
412,2004,Los Angeles Dodgers,"$92,902,001"
413,2004,Milwaukee Brewers,"$27,528,500"
414,2004,Minnesota Twins,"$53,890,000"
415,2004,Montreal Expos,"$41,197,500"
416,2004,New York Mets,"$102,035,970"
417,2004,New York Yankees,"$184,193,950"
418,2004,Oakland Athletics,"$59,425,667"
419,2004,Philadelphia Phillies,"$93,219,167"
420,2004,Pittsburgh Pirates,"$32,227,929"
421,2004,San Diego Padres,"$55,384,833"
422,2004,Seattle Mariners,"$81,515,834"
423,2004,San Francisco Giants,"$82,019,166"
424,2004,St. Louis Cardinals,"$84,340,333"
425,2004,Tampa Bay Devil Rays,"$29,856,667"
426,2004,Texas Rangers,"$55,050,417"
427,2004,Toronto Blue Jays,"$50,017,000"
428,2005,Arizona Diamondbacks,"$62,629,166"
429,2005,Atlanta Braves,"$86,457,302"
430,2005,Baltimore Orioles,"$73,914,333"
431,2005,Boston Red Sox,"$123,505,125"
432,2005,Chicago Cubs,"$87,032,933"
433,2005,Chicago White Sox,"$75,178,000"
434,2005,Cincinnati Reds,"$61,892,583"
435,2005,Cleveland Indians,"$41,502,500"
436,2005,Colorado Rockies,"$47,839,000"
437,2005,Detroit Tigers,"$69,092,000"
438,2005,Florida Marlins,"$60,408,834"
439,2005,Houston Astros,"$76,779,000"
440,2005,Kansas City Royals,"$36,881,000"
441,2005,Los Angeles Angels of Anaheim,"$94,867,822"
442,2005,Los Angeles Dodgers,"$83,039,000"
443,2005,Milwaukee Brewers,"$39,934,833"
444,2005,Minnesota Twins,"$56,186,000"
445,2005,New York Mets,"$101,305,821"
446,2005,New York Yankees,"$208,306,817"
447,2005,Oakland Athletics,"$55,425,762"
448,2005,Philadelphia Phillies,"$95,522,000"
449,2005,Pittsburgh Pirates,"$38,133,000"
450,2005,San Diego Padres,"$63,290,833"
451,2005,Seattle Mariners,"$87,754,334"
452,2005,San Francisco Giants,"$90,199,500"
453,2005,St. Louis Cardinals,"$92,106,833"
454,2005,Tampa Bay Devil Rays,"$29,679,067"
455,2005,Texas Rangers,"$55,849,000"
456,2005,Toronto Blue Jays,"$45,719,500"
457,2005,Washington Nationals,"$48,581,500"
458,2006,Arizona Diamondbacks,"$59,984,226"
459,2006,Atlanta Braves,"$90,156,876"
460,2006,Baltimore Orioles,"$72,585,582"
461,2006,Boston Red Sox,"$120,099,824"
462,2006,Chicago Cubs,"$94,424,499"
463,2006,Chicago White Sox,"$102,750,667"
464,2006,Cincinnati Reds,"$60,909,519"
465,2006,Cleveland Indians,"$56,031,500"
466,2006,Colorado Rockies,"$41,233,000"
467,2006,Detroit Tigers,"$82,612,866"
468,2006,Florida Marlins,"$14,671,500"
469,2006,Houston Astros,"$100,894,435"
470,2006,Kansas City Royals,"$47,694,000"
471,2006,Los Angeles Angels of Anaheim,"$103,472,000"
472,2006,Los Angeles Dodgers,"$98,447,187"
473,2006,Milwaukee Brewers,"$57,970,333"
474,2006,Minnesota Twins,"$63,396,006"
475,2006,New York Mets,"$101,584,963"
476,2006,New York Yankees,"$194,663,079"
477,2006,Oakland Athletics,"$64,843,079"
478,2006,Philadelphia Phillies,"$88,273,333"
479,2006,Pittsburgh Pirates,"$46,717,750"
480,2006,San Diego Padres,"$69,896,141"
481,2006,Seattle Mariners,"$87,959,833"
482,2006,San Francisco Giants,"$90,056,419"
483,2006,St. Louis Cardinals,"$88,891,371"
484,2006,Tampa Bay Devil Rays,"$34,917,967"
485,2006,Texas Rangers,"$68,228,662"
486,2006,Toronto Blue Jays,"$71,365,000"
487,2006,Washington Nationals,"$63,143,000"
488,2007,Arizona Diamondbacks,"$52,067,546"
489,2007,Atlanta Braves,"$87,290,833"
490,2007,Baltimore Orioles,"$93,174,808"
491,2007,Boston Red Sox,"$143,026,214"
492,2007,Chicago Cubs,"$101,670,332"
493,2007,Chicago White Sox,"$108,671,833"
494,2007,Cincinnati Reds,"$68,524,980"
495,2007,Cleveland Indians,"$61,673,267"
496,2007,Colorado Rockies,"$54,041,000"
497,2007,Detroit Tigers,"$95,180,369"
498,2007,Florida Marlins,"$30,507,000"
499,2007,Houston Astros,"$87,759,000"
500,2007,Kansas City Royals,"$67,691,500"
501,2007,Los Angeles Angels of Anaheim,"$109,251,333"
502,2007,Los Angeles Dodgers,"$108,454,524"
503,2007,Milwaukee Brewers,"$70,986,500"
504,2007,Minnesota Twins,"$71,439,500"
505,2007,New York Mets,"$116,181,663"
506,2007,New York Yankees,"$207,039,045"
507,2007,Oakland Athletics,"$79,366,940"
508,2007,Philadelphia Phillies,"$89,428,213"
509,2007,Pittsburgh Pirates,"$38,537,833"
510,2007,San Diego Padres,"$58,110,567"
511,2007,Seattle Mariners,"$106,460,833"
512,2007,San Francisco Giants,"$90,219,056"
513,2007,St. Louis Cardinals,"$90,286,823"
514,2007,Tampa Bay Devil Rays,"$24,623,500"
515,2007,Texas Rangers,"$68,643,675"
516,2007,Toronto Blue Jays,"$81,942,800"
517,2007,Washington Nationals,"$36,947,500"
518,2008,Arizona Diamondbacks,"$66,202,712"
519,2008,Atlanta Braves,"$102,365,683"
520,2008,Baltimore Orioles,"$67,196,246"
521,2008,Boston Red Sox,"$133,390,035"
522,2008,Chicago Cubs,"$120,345,833"
523,2008,Chicago White Sox,"$121,189,332"
524,2008,Cincinnati Reds,"$74,167,695"
525,2008,Cleveland Indians,"$78,970,066"
526,2008,Colorado Rockies,"$68,655,500"
527,2008,Detroit Tigers,"$138,785,196"
528,2008,Florida Marlins,"$21,811,500"
529,2008,Houston Astros,"$87,946,807"
530,2008,Kansas City Royals,"$59,445,500"
531,2008,Los Angeles Angels of Anaheim,"$119,216,333"
532,2008,Los Angeles Dodgers,"$118,588,536"
533,2008,Milwaukee Brewers,"$80,937,499"
534,2008,Minnesota Twins,"$56,932,766"
535,2008,New York Mets,"$137,793,376"
536,2008,New York Yankees,"$212,286,789"
537,2008,Oakland Athletics,"$47,967,126"
538,2008,Philadelphia Phillies,"$97,879,880"
539,2008,Pittsburgh Pirates,"$48,689,783"
540,2008,San Diego Padres,"$73,677,616"
541,2008,Seattle Mariners,"$117,666,482"
542,2008,San Francisco Giants,"$76,594,500"
543,2008,St. Louis Cardinals,"$99,624,449"
544,2008,Tampa Bay Rays,"$44,970,597"
545,2008,Texas Rangers,"$68,037,326"
546,2008,Toronto Blue Jays,"$97,793,900"
547,2008,Washington Nationals,"$54,961,000"
548,2009,Arizona Diamondbacks,"$75,920,666"
549,2009,Atlanta Braves,"$99,593,166"
550,2009,Baltimore Orioles,"$69,904,166"
551,2009,Boston Red Sox,"$125,439,499"
552,2009,Chicago Cubs,"$139,652,000"
553,2009,Chicago White Sox,"$101,081,000"
554,2009,Cincinnati Reds,"$78,979,000"
555,2009,Cleveland Indians,"$85,224,866"
556,2009,Colorado Rockies,"$79,250,200"
557,2009,Detroit Tigers,"$119,510,145"
558,2009,Florida Marlins,"$40,029,000"
559,2009,Houston Astros,"$105,804,414"
560,2009,Kansas City Royals,"$76,817,333"
561,2009,Los Angeles Angels of Anaheim,"$118,169,000"
562,2009,Los Angeles Dodgers,"$102,117,592"
563,2009,Milwaukee Brewers,"$81,384,502"
564,2009,Minnesota Twins,"$67,804,266"
565,2009,New York Mets,"$151,994,237"
566,2009,New York Yankees,"$210,330,039"
567,2009,Oakland Athletics,"$65,945,000"
568,2009,Philadelphia Phillies,"$115,479,046"
569,2009,Pittsburgh Pirates,"$51,912,500"
570,2009,San Diego Padres,"$50,954,200"
571,2009,Seattle Mariners,"$100,134,166"
572,2009,San Francisco Giants,"$91,944,450"
573,2009,St. Louis Cardinals,"$90,928,409"
574,2009,Tampa Bay Rays,"$67,270,334"
575,2009,Texas Rangers,"$79,723,548"
576,2009,Toronto Blue Jays,"$83,964,500"
577,2009,Washington Nationals,"$64,384,000"
578,2010,Arizona Diamondbacks,"$61,368,166"
579,2010,Atlanta Braves,"$84,423,666"
580,2010,Baltimore Orioles,"$81,612,500"
581,2010,Boston Red Sox,"$164,507,333"
582,2010,Chicago Cubs,"$146,609,002"
583,2010,Chicago White Sox,"$107,195,000"
584,2010,Cincinnati Reds,"$75,321,542"
585,2010,Cleveland Indians,"$61,203,966"
586,2010,Colorado Rockies,"$90,677,000"
587,2010,Detroit Tigers,"$124,039,928"
588,2010,Florida Marlins,"$57,454,719"
589,2010,Houston Astros,"$93,216,000"
590,2010,Kansas City Royals,"$73,105,210"
591,2010,Los Angeles Angels of Anaheim,"$104,963,866"
592,2010,Los Angeles Dodgers,"$95,358,016"
593,2010,Milwaukee Brewers,"$81,108,278"
594,2010,Minnesota Twins,"$97,559,166"
595,2010,New York Mets,"$134,422,942"
596,2010,New York Yankees,"$210,733,389"
597,2010,Oakland Athletics,"$57,904,900"
598,2010,Philadelphia Phillies,"$141,928,379"
599,2010,Pittsburgh Pirates,"$37,443,000"
600,2010,San Diego Padres,"$37,799,300"
601,2010,Seattle Mariners,"$86,510,000"
602,2010,San Francisco Giants,"$98,641,333"
603,2010,St. Louis Cardinals,"$93,540,751"
604,2010,Tampa Bay Rays,"$71,923,471"
605,2010,Texas Rangers,"$56,474,374"
606,2010,Toronto Blue Jays,"$62,734,000"
607,2010,Washington Nationals,"$67,701,000"
608,2011,Arizona Diamondbacks,"$54,823,166"
609,2011,Atlanta Braves,"$93,855,132"
610,2011,Baltimore Orioles,"$88,299,038"
611,2011,Boston Red Sox,"$166,662,475"
612,2011,Chicago Cubs,"$136,547,329"
613,2011,Chicago White Sox,"$127,789,000"
614,2011,Cincinnati Reds,"$77,297,134"
615,2011,Cleveland Indians,"$49,426,566"
616,2011,Colorado Rockies,"$91,648,071"
617,2011,Detroit Tigers,"$106,875,231"
618,2011,Florida Marlins,"$57,694,000"
619,2011,Houston Astros,"$71,110,500"
620,2011,Kansas City Royals,"$35,712,000"
621,2011,Los Angeles Angels of Anaheim,"$138,543,166"
622,2011,Los Angeles Dodgers,"$103,785,477"
623,2011,Milwaukee Brewers,"$86,636,333"
624,2011,Minnesota Twins,"$112,737,000"
625,2011,New York Mets,"$151,897,309"
626,2011,New York Yankees,"$206,275,028"
627,2011,Oakland Athletics,"$67,094,000"
628,2011,Philadelphia Phillies,"$172,976,379"
629,2011,Pittsburgh Pirates,"$45,047,000"
630,2011,San Diego Padres,"$45,869,140"
631,2011,Seattle Mariners,"$86,110,600"
632,2011,San Francisco Giants,"$124,198,333"
633,2011,St. Louis Cardinals,"$105,433,572"
634,2011,Tampa Bay Rays,"$41,053,571"
635,2011,Texas Rangers,"$93,799,264"
636,2011,Toronto Blue Jays,"$64,567,800"
637,2011,Washington Nationals,"$68,492,928"
638,2012,Arizona Diamondbacks,"$67,069,833"
639,2012,Atlanta Braves,"$86,208,000"
640,2012,Baltimore Orioles,"$77,949,000"
641,2012,Boston Red Sox,"$110,386,000"
642,2012,Chicago Cubs,"$86,159,366"
643,2012,Chicago White Sox,"$118,208,000"
644,2012,Cincinnati Reds,"$80,309,500"
645,2012,Cleveland Indians,"$78,911,300"
646,2012,Colorado Rockies,"$75,485,000"
647,2012,Detroit Tigers,"$131,394,000"
648,2012,Houston Astros,"$37,651,000"
649,2012,Kansas City Royals,"$61,747,075"
650,2012,Los Angeles Angels of Anaheim,"$141,073,500"
651,2012,Los Angeles Dodgers,"$177,033,600"
652,2012,Miami Marlins,"$107,678,000"
653,2012,Milwaukee Brewers,"$95,717,000"
654,2012,Minnesota Twins,"$99,066,000"
655,2012,New York Mets,"$91,621,424"
656,2012,New York Yankees,"$197,977,900"
657,2012,Oakland Athletics,"$61,202,500"
658,2012,Philadelphia Phillies,"$171,501,558"
659,2012,Pittsburgh Pirates,"$70,077,000"
660,2012,San Diego Padres,"$55,494,700"
661,2012,Seattle Mariners,"$78,235,600"
662,2012,San Francisco Giants,"$117,637,350"
663,2012,St. Louis Cardinals,"$112,071,000"
664,2012,Tampa Bay Rays,"$63,368,700"
665,2012,Texas Rangers,"$124,119,900"
666,2012,Toronto Blue Jays,"$82,352,700"
667,2012,Washington Nationals,"$92,386,000"
668,2013,Arizona Diamondbacks,"$80,060,500"
669,2013,Atlanta Braves,"$95,618,750"
670,2013,Baltimore Orioles,"$100,832,000"
671,2013,Boston Red Sox,"$175,395,500"
672,2013,Chicago Cubs,"$67,874,166"
673,2013,Chicago White Sox,"$81,401,900"
674,2013,Cincinnati Reds,"$106,255,535"
675,2013,Cleveland Indians,"$87,342,433"
676,2013,Colorado Rockies,"$73,768,000"
677,2013,Detroit Tigers,"$154,407,000"
678,2013,Houston Astros,"$14,672,300"
679,2013,Kansas City Royals,"$87,426,250"
680,2013,Los Angeles Angels of Anaheim,"$116,532,500"
681,2013,Los Angeles Dodgers,"$254,161,000"
682,2013,Miami Marlins,"$24,761,900"
683,2013,Milwaukee Brewers,"$86,945,000"
684,2013,Minnesota Twins,"$63,042,500"
685,2013,New York Mets,"$69,425,860"
686,2013,New York Yankees,"$246,534,750"
687,2013,Oakland Athletics,"$69,440,000"
688,2013,Philadelphia Phillies,"$150,860,000"
689,2013,Pittsburgh Pirates,"$99,230,000"
690,2013,San Diego Padres,"$65,988,600"
691,2013,Seattle Mariners,"$78,887,000"
692,2013,San Francisco Giants,"$139,845,667"
693,2013,St. Louis Cardinals,"$112,583,000"
694,2013,Tampa Bay Rays,"$71,163,500"
695,2013,Texas Rangers,"$139,261,200"
696,2013,Toronto Blue Jays,"$124,517,800"
697,2013,Washington Nationals,"$112,493,250"
698,2014,Arizona Diamondbacks,"$89,926,500"
699,2014,Atlanta Braves,"$108,081,500"
700,2014,Baltimore Orioles,"$109,097,500"
701,2014,Boston Red Sox,"$134,628,929"
702,2014,Chicago Cubs,"$59,800,500"
703,2014,Chicago White Sox,"$87,475,500"
704,2014,Cincinnati Reds,"$102,230,000"
705,2014,Cleveland Indians,"$73,509,399"
706,2014,Colorado Rockies,"$95,403,500"
707,2014,Detroit Tigers,"$169,135,500"
708,2014,Houston Astros,"$44,736,800"
709,2014,Kansas City Royals,"$89,804,075"
710,2014,Los Angeles Angels of Anaheim,"$128,667,000"
711,2014,Los Angeles Dodgers,"$233,386,026"
712,2014,Miami Marlins,"$42,365,400"
713,2014,Milwaukee Brewers,"$109,567,000"
714,2014,Minnesota Twins,"$87,044,000"
715,2014,New York Mets,"$82,663,615"
716,2014,New York Yankees,"$258,118,959"
717,2014,Oakland Athletics,"$89,160,900"
718,2014,Philadelphia Phillies,"$176,444,967"
719,2014,Pittsburgh Pirates,"$80,729,000"
720,2014,San Diego Padres,"$76,662,100"
721,2014,Seattle Mariners,"$95,471,000"
722,2014,San Francisco Giants,"$163,510,167"
723,2014,St. Louis Cardinals,"$129,932,500"
724,2014,Tampa Bay Rays,"$77,814,300"
725,2014,Texas Rangers,"$129,801,239"
726,2014,Toronto Blue Jays,"$136,466,200"
727,2014,Washington Nationals,"$137,235,080"
728,2015,Arizona Diamondbacks,"$64,434,000"
729,2015,Atlanta Braves,"$104,037,500"
730,2015,Baltimore Orioles,"$112,989,833"
731,2015,Boston Red Sox,"$183,931,900"
732,2015,Chicago Cubs,"$115,306,610"
733,2015,Chicago White Sox,"$112,889,700"
734,2015,Cincinnati Reds,"$111,572,286"
735,2015,Cleveland Indians,"$59,163,766"
736,2015,Colorado Rockies,"$96,438,600"
737,2015,Detroit Tigers,"$172,284,750"
738,2015,Houston Astros,"$93,256,200"
739,2015,Kansas City Royals,"$121,590,475"
740,2015,Los Angeles Angels of Anaheim,"$131,522,500"
741,2015,Los Angeles Dodgers,"$265,140,429"
742,2015,Miami Marlins,"$71,231,500"
743,2015,Milwaukee Brewers,"$70,869,500"
744,2015,Minnesota Twins,"$107,755,000"
745,2015,New York Mets,"$98,874,473"
746,2015,New York Yankees,"$214,051,957"
747,2015,Oakland Athletics,"$64,016,001"
748,2015,Philadelphia Phillies,"$103,082,167"
749,2015,Pittsburgh Pirates,"$104,457,499"
750,2015,San Diego Padres,"$125,203,700"
751,2015,Seattle Mariners,"$130,681,400"
752,2015,San Francisco Giants,"$180,018,166"
753,2015,St. Louis Cardinals,"$128,241,500"
754,2015,Tampa Bay Rays,"$64,571,233"
755,2015,Texas Rangers,"$178,860,789"
756,2015,Toronto Blue Jays,"$117,917,400"
757,2015,Washington Nationals,"$176,496,372"
758,2016,Arizona Diamondbacks,"$78,399,500"
759,2016,Atlanta Braves,"$74,999,750"
760,2016,Baltimore Orioles,"$153,744,833"
761,2016,Boston Red Sox,"$218,682,750"
762,2016,Chicago Cubs,"$176,097,333"
763,2016,Chicago White Sox,"$113,416,000"
764,2016,Cincinnati Reds,"$77,329,561"
765,2016,Cleveland Indians,"$94,511,067"
766,2016,Colorado Rockies,"$89,707,000"
767,2016,Detroit Tigers,"$199,902,000"
768,2016,Houston Astros,"$89,498,000"
769,2016,Kansas City Royals,"$125,132,675"
770,2016,Los Angeles Angels,"$139,712,000"
771,2016,Los Angeles Dodgers,"$231,342,096"
772,2016,Miami Marlins,"$72,472,000"
773,2016,Milwaukee Brewers,"$52,077,500"
774,2016,Minnesota Twins,"$93,333,700"
775,2016,New York Mets,"$155,221,282"
776,2016,New York Yankees,"$193,229,350"
777,2016,Oakland Athletics,"$54,969,067"
778,2016,Philadelphia Phillies,"$84,846,666"
779,2016,Pittsburgh Pirates,"$81,187,933"
780,2016,San Diego Padres,"$50,656,166"
781,2016,Seattle Mariners,"$137,169,100"
782,2016,San Francisco Giants,"$177,021,333"
783,2016,St. Louis Cardinals,"$150,353,500"
784,2016,Tampa Bay Rays,"$48,223,791"
785,2016,Texas Rangers,"$212,117,760"
786,2016,Toronto Blue Jays,"$182,690,767"
787,2016,Washington Nationals,"$152,967,400"
788,2017,Arizona Diamondbacks,"$106,580,200"
789,2017,Atlanta Braves,"$119,705,250"
790,2017,Baltimore Orioles,"$161,621,633"
791,2017,Boston Red Sox,"$200,550,750"
792,2017,Chicago Cubs,"$177,210,667"
793,2017,Chicago White Sox,"$97,842,000"
794,2017,Cincinnati Reds,"$79,315,786"
795,2017,Cleveland Indians,"$114,427,167"
796,2017,Colorado Rockies,"$106,650,000"
797,2017,Detroit Tigers,"$118,375,600"
798,2017,Houston Astros,"$157,656,400"
799,2017,Kansas City Royals,"$127,555,817"
800,2017,Los Angeles Angels,"$181,125,500"
801,2017,Los Angeles Dodgers,"$201,466,263"
802,2017,Miami Marlins,"$111,591,100"
803,2017,Milwaukee Brewers,"$68,439,300"
804,2017,Minnesota Twins,"$103,932,500"
805,2017,New York Mets,"$176,615,252"
806,2017,New York Yankees,"$182,424,700"
807,2017,Oakland Athletics,"$51,560,000"
808,2017,Philadelphia Phillies,"$86,276,000"
809,2017,Pittsburgh Pirates,"$102,953,333"
810,2017,San Diego Padres,"$49,248,767"
811,2017,Seattle Mariners,"$172,438,700"
812,2017,San Francisco Giants,"$177,399,833"
813,2017,St. Louis Cardinals,"$129,652,933"
814,2017,Tampa Bay Rays,"$79,473,033"
815,2017,Texas Rangers,"$207,326,274"
816,2017,Toronto Blue Jays,"$158,890,575"
817,2017,Washington Nationals,"$175,587,301"
818,2018,Arizona Diamondbacks,"$134,850,600"
819,2018,Atlanta Braves,"$115,848,667"
820,2018,Baltimore Orioles,"$141,555,833"
821,2018,Boston Red Sox,"$222,205,000"
822,2018,Chicago Cubs,"$205,373,881"
823,2018,Chicago White Sox,"$75,092,000"
824,2018,Cincinnati Reds,"$94,587,500"
825,2018,Cleveland Indians,"$143,375,233"
826,2018,Colorado Rockies,"$136,658,500"
827,2018,Detroit Tigers,"$111,531,000"
828,2018,Houston Astros,"$172,781,200"
829,2018,Kansas City Royals,"$95,199,167"
830,2018,Los Angeles Angels,"$166,849,666"
831,2018,Los Angeles Dodgers,"$164,703,429"
832,2018,Miami Marlins,"$86,515,143"
833,2018,Milwaukee Brewers,"$109,295,700"
834,2018,Minnesota Twins,"$110,275,000"
835,2018,New York Mets,"$161,403,844"
836,2018,New York Yankees,"$160,643,032"
837,2018,Oakland Athletics,"$69,883,333"
838,2018,Philadelphia Phillies,"$93,874,333"
839,2018,Pittsburgh Pirates,"$88,141,000"
840,2018,San Diego Padres,"$93,821,067"
841,2018,Seattle Mariners,"$157,090,065"
842,2018,San Francisco Giants,"$202,060,277"
843,2018,St. Louis Cardinals,"$157,713,667"
844,2018,Tampa Bay Rays,"$46,011,667"
845,2018,Texas Rangers,"$106,099,628"
846,2018,Toronto Blue Jays,"$151,670,772"
847,2018,Washington Nationals,"$188,886,699"
848,2019,Arizona Diamondbacks,"$124,016,266"
849,2019,Atlanta Braves,"$133,186,667"
850,2019,Baltimore Orioles,"$82,696,100"
851,2019,Boston Red Sox,"$218,978,142"
852,2019,Chicago Cubs,"$217,805,215"
853,2019,Chicago White Sox,"$80,846,333"
854,2019,Cincinnati Reds,"$109,737,499"
855,2019,Cleveland Indians,"$151,257,783"
856,2019,Colorado Rockies,"$145,348,500"
857,2019,Detroit Tigers,"$100,618,500"
858,2019,Houston Astros,"$166,042,500"
859,2019,Kansas City Royals,"$98,183,242"
860,2019,Los Angeles Angels,"$177,245,250"
861,2019,Los Angeles Dodgers,"$193,553,333"
862,2019,Miami Marlins,"$74,683,643"
863,2019,Milwaukee Brewers,"$128,842,900"
864,2019,Minnesota Twins,"$113,758,333"
865,2019,New York Mets,"$154,837,230"
866,2019,New York Yankees,"$228,442,421"
867,2019,Oakland Athletics,"$102,935,833"
868,2019,Philadelphia Phillies,"$141,786,962"
869,2019,Pittsburgh Pirates,"$72,915,501"
870,2019,San Diego Padres,"$90,260,767"
871,2019,Seattle Mariners,"$126,874,600"
872,2019,San Francisco Giants,"$175,450,753"
873,2019,St. Louis Cardinals,"$161,120,267"
874,2019,Tampa Bay Rays,"$56,071,767"
875,2019,Texas Rangers,"$104,433,499"
876,2019,Toronto Blue Jays,"$64,680,671"
877,2019,Washington Nationals,"$203,016,595"
878,2021,Arizona Diamondbacks,"$77,691,667"
879,2021,Atlanta Braves,"$127,230,000"
880,2021,Baltimore Orioles,"$42,075,000"
881,2021,Boston Red Sox,"$156,095,000"
882,2021,Chicago Cubs,"$144,413,500"
883,2021,Chicago White Sox,"$115,546,333"
884,2021,Cincinnati Reds,"$116,784,881"
885,2021,Cleveland Indians,"$50,425,500"
886,2021,Colorado Rockies,"$92,675,000"
887,2021,Detroit Tigers,"$78,590,500"
888,2021,Houston Astros,"$190,400,000"
889,2021,Kansas City Royals,"$86,820,000"
890,2021,Los Angeles Angels,"$188,408,595"
891,2021,Los Angeles Dodgers,"$248,108,334"
892,2021,Miami Marlins,"$33,150,000"
893,2021,Milwaukee Brewers,"$85,517,626"
894,2021,Minnesota Twins,"$120,158,333"
895,2021,New York Mets,"$184,675,167"
896,2021,New York Yankees,"$209,799,047"
897,2021,Oakland Athletics,"$94,555,834"
898,2021,Philadelphia Phillies,"$185,286,962"
899,2021,Pittsburgh Pirates,"$50,255,000"
900,2021,San Diego Padres,"$121,717,619"
901,2021,Seattle Mariners,"$64,605,500"
902,2021,San Francisco Giants,"$150,863,778"
903,2021,St. Louis Cardinals,"$155,329,667"
904,2021,Tampa Bay Rays,"$64,037,166"
905,2021,Texas Rangers,"$67,890,999"
906,2021,Toronto Blue Jays,"$121,694,071"
907,2021,Washington Nationals,"$172,370,147"
